sample_id,county,region,altitude_m,annual_rainfall_mm,temp_max_c,temp_min_c,soil_ph,humidity_pct,soil_nitrogen_pct,organic_carbon_pct,slope_degrees,drainage,soil_type,dominant_land_use,suitable_tea,suitable_maize,suitable_wheat,suitable_sorghum,suitable_coffee,suitable_beans
1,Elgeyo Marakwet,Rift Valley,1915.0,1357.2,18.5,9.1,5.79,56.2,1.037,2.716,29.5,Well drained,Eutric Vertisols,Maize/Wheat,Highly Suitable,Highly Suitable,Highly Suitable,Moderately Suitable,Highly Suitable,Highly Suitable
2,West Pokot,Rift Valley,1941.2,1360.3,28.5,17.4,5.66,60.9,1.118,1.708,20.2,Moderately drained,Chromic Luvisols,Sorghum/Livestock,Highly Suitable,Highly Suitable,Highly Suitable,Highly Suitable,Highly Suitable,Highly Suitable
3,Embu,Eastern,1325.1,1437.7,25.1,13.4,5.55,66.0,1.463,2.645,12.0,Moderately drained,Chromic Cambisols,Coffee/Tea,Highly Suitable,Highly Suitable,Moderately Suitable,Highly Suitable,Highly Suitable,Highly Suitable
4,Kericho,Rift Valley,2193.3,1742.2,22.5,15.1,5.17,81.9,2.553,3.253,2.8,Well drained,Humic Nitisols,Tea/Forest,Highly Suitable,Highly Suitable,Moderately Suitable,Not Suitable,Highly Suitable,Highly Suitable
5,Tharaka Nithi,Eastern,853.6,1038.5,24.6,14.4,5.58,56.7,0.55,1.513,14.7,Moderately drained,Chromic Cambisols,Mango/Miraa,Moderately Suitable,Highly Suitable,Moderately Suitable,Highly Suitable,Moderately Suitable,Highly Suitable
6,Trans Nzoia,Rift Valley,2209.4,1115.9,20.4,12.2,5.76,66.1,0.943,1.607,5.0,Well drained,Mollic Andosols,Wheat/Maize,Moderately Suitable,Highly Suitable,Highly Suitable,Moderately Suitable,Highly Suitable,Highly Suitable
7,Nyamira,Nyanza,1880.8,1516.8,24.4,13.4,5.48,73.7,1.81,2.737,9.4,Moderately drained,Humic Nitisols,Tea/Banana,Highly Suitable,Highly Suitable,Moderately Suitable,Moderately Suitable,Highly Suitable,Highly Suitable
8,Kitui,Eastern,1558.4,853.7,29.1,22.4,9.02,43.1,0.418,0.664,7.3,Moderately drained,Ferralic Cambisols,Sorghum/Cotton,Not Suitable,Moderately Suitable,Moderately Suitable,Moderately Suitable,Not Suitable,Moderately Suitable
9,Nandi,Rift Valley,1702.0,1455.8,21.6,15.0,4.91,78.1,1.755,3.363,12.1,Well drained,Humic Nitisols,Tea/Maize,Highly Suitable,Highly Suitable,Moderately Suitable,Not Suitable,Highly Suitable,Highly Suitable
10,Kisii,Nyanza,1629.3,1739.2,25.7,15.7,5.75,80.0,1.748,1.988,18.2,Moderately drained,Humic Nitisols,Tea/Smallholder,Highly Suitable,Highly Suitable,Highly Suitable,Moderately Suitable,Highly Suitable,Highly Suitable
11,Murang'a,Central,1459.5,1444.7,26.5,13.8,5.38,73.1,1.816,2.12,9.0,Moderately drained,Humic Nitisols,Tea/Smallholder,Highly Suitable,Highly Suitable,Moderately Suitable,Highly Suitable,Highly Suitable,Highly Suitable
12,Murang'a,Central,1732.3,1339.9,24.8,14.8,5.43,70.7,2.119,2.645,17.9,Moderately drained,Humic Nitisols,Tea/Smallholder,Highly Suitable,Highly Suitable,Moderately Suitable,Moderately Suitable,Highly Suitable,Highly Suitable
13,Trans Nzoia,Rift Valley,2333.2,957.9,20.9,8.8,5.76,62.4,1.171,1.577,3.8,Well drained,Mollic Andosols,Wheat/Maize,Highly Suitable,Highly Suitable,Highly Suitable,Moderately Suitable,Moderately Suitable,Highly Suitable
14,Bomet,Rift Valley,2096.0,1358.8,22.7,15.1,4.99,76.7,1.493,2.227,13.8,Well drained,Humic Nitisols,Tea/Dairy,Highly Suitable,Moderately Suitable,Moderately Suitable,Not Suitable,Highly Suitable,Highly Suitable
15,Isiolo,Eastern,678.9,363.7,30.5,20.1,7.86,42.8,0.469,0.432,3.3,Excessively drained,Chromic Luvisols,Livestock,Not Suitable,Not Suitable,Not Suitable,Highly Suitable,Not Suitable,Moderately Suitable
16,Machakos,Eastern,1163.7,711.4,30.4,18.7,6.9,60.8,0.903,1.155,6.9,Moderately drained,Chromic Luvisols,Maize/Beans,Not Suitable,Highly Suitable,Moderately Suitable,Highly Suitable,Not Suitable,Highly Suitable
17,Machakos,Eastern,1907.3,725.3,29.1,15.3,7.32,60.4,0.684,1.118,10.8,Moderately drained,Chromic Luvisols,Maize/Beans,Not Suitable,Highly Suitable,Highly Suitable,Highly Suitable,Not Suitable,Highly Suitable
18,Vihiga,Western,1681.1,1445.1,23.5,16.5,4.92,77.1,1.836,1.779,9.8,Moderately drained,Ferric Luvisols,Tea/Maize,Highly Suitable,Highly Suitable,Moderately Suitable,Not Suitable,Highly Suitable,Highly Suitable
19,Nyandarua,Central,2182.7,1172.7,20.4,7.9,6.24,70.4,1.389,2.615,9.5,Well drained,Humic Andosols,Wheat/Pyrethrum,Highly Suitable,Highly Suitable,Highly Suitable,Moderately Suitable,Highly Suitable,Highly Suitable
20,Kiambu,Central,1658.2,1338.4,27.1,14.4,5.42,69.8,1.098,2.655,9.0,Moderately drained,Humic Nitisols,Tea/Horticulture,Highly Suitable,Highly Suitable,Moderately Suitable,Moderately Suitable,Highly Suitable,Highly Suitable
21,Makueni,Eastern,1720.3,861.9,27.5,20.4,7.83,59.4,0.487,0.945,3.0,Moderately drained,Chromic Luvisols,Sorghum/Mango,Not Suitable,Highly Suitable,Moderately Suitable,Highly Suitable,Moderately Suitable,Highly Suitable
22,Vihiga,Western,1436.5,1527.5,27.7,15.4,5.61,70.1,1.515,1.453,12.4,Moderately drained,Ferric Luvisols,Tea/Maize,Moderately Suitable,Highly Suitable,Moderately Suitable,Highly Suitable,Highly Suitable,Highly Suitable
23,Siaya,Nyanza,1277.2,1123.8,30.7,15.5,6.4,69.5,0.977,1.595,1.8,Poorly drained,Eutric Vertisols,Maize/Sorghum,Not Suitable,Highly Suitable,Moderately Suitable,Highly Suitable,Highly Suitable,Highly Suitable
24,Mandera,North Eastern,283.9,284.6,35.2,22.5,8.27,38.6,0.211,0.227,1.7,Excessively drained,Haplic Arenosols,Pastoralism,Not Suitable,Not Suitable,Not Suitable,Moderately Suitable,Not Suitable,Not Suitable
25,Homa Bay,Nyanza,1228.6,1179.6,29.2,16.7,6.53,64.4,0.631,1.749,6.8,Moderately drained,Chromic Luvisols,Maize/Sorghum,Not Suitable,Highly Suitable,Moderately Suitable,Highly Suitable,Moderately Suitable,Highly Suitable
26,Bungoma,Western,1378.2,1463.3,27.9,14.0,5.37,69.3,1.687,2.124,4.5,Moderately drained,Ferric Luvisols,Sugarcane/Maize,Highly Suitable,Highly Suitable,Moderately Suitable,Highly Suitable,Highly Suitable,Highly Suitable
27,Bungoma,Western,1863.2,1674.7,27.7,15.2,6.28,71.0,1.319,1.712,6.7,Moderately drained,Ferric Luvisols,Sugarcane/Maize,Moderately Suitable,Highly Suitable,Highly Suitable,Highly Suitable,Highly Suitable,Highly Suitable
28,Nairobi,Nairobi,1718.5,873.8,23.6,13.5,6.96,69.9,0.669,1.671,1.4,Moderately drained,Chromic Luvisols,Urban/Horticulture,Moderately Suitable,Highly Suitable,Highly Suitable,Highly Suitable,Highly Suitable,Highly Suitable
29,Kakamega,Western,1691.8,1949.9,24.9,16.4,5.16,80.5,1.76,2.935,2.6,Moderately drained,Ferric Luvisols,Tea/Sugarcane,Highly Suitable,Highly Suitable,Moderately Suitable,Moderately Suitable,Highly Suitable,Highly Suitable
30,Bomet,Rift Valley,1799.8,1388.1,20.8,15.3,5.39,69.0,1.919,2.835,4.3,Well drained,Humic Nitisols,Tea/Dairy,Highly Suitable,Highly Suitable,Highly Suitable,Moderately Suitable,Highly Suitable,Highly Suitable
31,Migori,Nyanza,1670.9,1451.0,28.3,17.0,5.82,66.6,1.363,1.723,7.8,Moderately drained,Ferric Luvisols,Maize/Tea(marginal),Highly Suitable,Highly Suitable,Highly Suitable,Highly Suitable,Highly Suitable,Highly Suitable
32,Embu,Eastern,1255.0,1337.4,24.1,16.4,5.3,71.9,1.446,1.476,17.6,Moderately drained,Chromic Cambisols,Coffee/Tea,Highly Suitable,Highly Suitable,Moderately Suitable,Moderately Suitable,Highly Suitable,Highly Suitable
33,Machakos,Eastern,1724.7,546.9,31.2,17.4,6.76,60.1,0.554,1.194,3.7,Moderately drained,Chromic Luvisols,Maize/Beans,Not Suitable,Highly Suitable,Highly Suitable,Highly Suitable,Moderately Suitable,Highly Suitable
34,Bomet,Rift Valley,1738.0,1570.5,22.8,14.8,4.88,74.3,2.072,2.394,3.7,Well drained,Humic Nitisols,Tea/Dairy,Highly Suitable,Highly Suitable,Moderately Suitable,Moderately Suitable,Highly Suitable,Highly Suitable
35,Nandi,Rift Valley,2057.6,1654.4,23.5,12.1,5.25,71.9,1.824,2.851,9.1,Well drained,Humic Nitisols,Tea/Maize,Highly Suitable,Highly Suitable,Highly Suitable,Moderately Suitable,Highly Suitable,Highly Suitable
36,Kakamega,Western,1404.1,1878.8,28.9,16.5,5.88,80.2,1.384,2.854,2.5,Moderately drained,Ferric Luvisols,Tea/Sugarcane,Highly Suitable,Highly Suitable,Moderately Suitable,Highly Suitable,Highly Suitable,Highly Suitable
37,Nandi,Rift Valley,1727.8,1742.4,22.5,13.5,4.96,75.5,1.936,2.589,14.4,Well drained,Humic Nitisols,Tea/Maize,Highly Suitable,Highly Suitable,Moderately Suitable,Not Suitable,Highly Suitable,Moderately Suitable
38,Marsabit,Eastern,1369.7,440.4,28.4,14.0,8.55,51.6,0.524,0.476,13.7,Excessively drained,Chromic Cambisols,Livestock,Not Suitable,Moderately Suitable,Not Suitable,Highly Suitable,Not Suitable,Moderately Suitable
39,Trans Nzoia,Rift Valley,2425.9,1364.1,19.3,12.4,6.71,62.7,1.18,2.115,7.8,Well drained,Mollic Andosols,Wheat/Maize,Highly Suitable,Moderately Suitable,Highly Suitable,Moderately Suitable,Highly Suitable,Highly Suitable
40,Nyamira,Nyanza,1764.1,1601.5,26.1,15.1,5.54,73.7,1.473,2.508,5.9,Moderately drained,Humic Nitisols,Tea/Banana,Highly Suitable,Highly Suitable,Highly Suitable,Highly Suitable,Highly Suitable,Highly Suitable
41,Tana River,Coast,352.1,411.6,30.8,22.7,7.63,67.3,0.522,0.74,3.1,Poorly drained,Eutric Vertisols,Irrigation/Livestock,Not Suitable,Moderately Suitable,Not Suitable,Highly Suitable,Not Suitable,Moderately Suitable
42,Baringo,Rift Valley,1344.8,597.7,27.4,15.2,7.43,58.4,0.85,1.163,3.9,Moderately drained,Eutric Vertisols,Maize/Livestock,Not Suitable,Highly Suitable,Highly Suitable,Highly Suitable,Not Suitable,Highly Suitable
43,Elgeyo Marakwet,Rift Valley,1593.9,1201.6,21.5,12.6,5.76,57.2,1.354,1.559,27.2,Well drained,Eutric Vertisols,Maize/Wheat,Highly Suitable,Highly Suitable,Highly Suitable,Moderately Suitable,Highly Suitable,Highly Suitable
44,Kakamega,Western,1496.8,1472.2,26.2,15.2,5.65,76.0,1.51,2.615,2.4,Moderately drained,Ferric Luvisols,Tea/Sugarcane,Highly Suitable,Highly Suitable,Moderately Suitable,Highly Suitable,Highly Suitable,Highly Suitable
45,Kericho,Rift Valley,2129.2,1734.9,24.5,14.8,4.56,81.0,2.305,4.153,5.2,Well drained,Humic Nitisols,Tea/Forest,Highly Suitable,Moderately Suitable,Moderately Suitable,Not Suitable,Highly Suitable,Moderately Suitable
46,Trans Nzoia,Rift Valley,2084.4,1238.1,21.1,10.1,6.02,67.1,1.303,1.742,4.3,Well drained,Mollic Andosols,Wheat/Maize,Highly Suitable,Highly Suitable,Highly Suitable,Moderately Suitable,Highly Suitable,Highly Suitable
47,Nandi,Rift Valley,1762.5,1833.0,22.8,13.1,5.17,74.0,2.122,3.725,14.4,Well drained,Humic Nitisols,Tea/Maize,Highly Suitable,Highly Suitable,Highly Suitable,Moderately Suitable,Highly Suitable,Highly Suitable
48,Lamu,Coast,71.6,732.1,31.9,26.2,8.97,77.0,0.384,0.772,1.6,Poorly drained,Gleyic Cambisols,Coconut/Fishing,Not Suitable,Moderately Suitable,Not Suitable,Moderately Suitable,Not Suitable,Moderately Suitable
49,Kericho,Rift Valley,1759.4,1655.4,24.2,14.7,4.86,81.6,2.175,3.071,10.7,Well drained,Humic Nitisols,Tea/Forest,Highly Suitable,Highly Suitable,Moderately Suitable,Not Suitable,Highly Suitable,Moderately Suitable
50,Bomet,Rift Valley,1686.3,1489.4,22.8,15.8,5.29,77.8,1.634,3.746,7.7,Well drained,Humic Nitisols,Tea/Dairy,Highly Suitable,Highly Suitable,Highly Suitable,Moderately Suitable,Highly Suitable,Highly Suitable
51,Bomet,Rift Valley,1906.4,1665.7,25.3,12.3,4.99,73.5,1.763,3.501,12.0,Well drained,Humic Nitisols,Tea/Dairy,Highly Suitable,Highly Suitable,Moderately Suitable,Moderately Suitable,Highly Suitable,Moderately Suitable
52,Wajir,North Eastern,377.0,147.6,35.4,21.3,7.98,30.2,0.204,0.269,2.8,Excessively drained,Haplic Arenosols,Pastoralism,Not Suitable,Not Suitable,Not Suitable,Moderately Suitable,Not Suitable,Not Suitable
53,Nyandarua,Central,2676.2,993.6,19.4,11.0,6.3,64.2,1.34,2.17,2.5,Well drained,Humic Andosols,Wheat/Pyrethrum,Moderately Suitable,Highly Suitable,Highly Suitable,Moderately Suitable,Highly Suitable,Highly Suitable
54,Trans Nzoia,Rift Valley,2566.1,1169.2,20.7,8.4,6.33,64.6,1.325,2.083,2.7,Well drained,Mollic Andosols,Wheat/Maize,Moderately Suitable,Highly Suitable,Highly Suitable,Moderately Suitable,Highly Suitable,Highly Suitable
55,Marsabit,Eastern,1430.3,431.0,29.9,21.9,7.59,32.9,0.377,0.234,14.7,Excessively drained,Chromic Cambisols,Livestock,Not Suitable,Moderately Suitable,Not Suitable,Highly Suitable,Not Suitable,Moderately Suitable
56,Kakamega,Western,1708.8,1554.4,23.9,15.9,5.91,78.4,1.648,1.658,7.3,Moderately drained,Ferric Luvisols,Tea/Sugarcane,Highly Suitable,Highly Suitable,Highly Suitable,Moderately Suitable,Highly Suitable,Highly Suitable
57,Kakamega,Western,1632.9,1680.5,27.0,16.8,5.73,76.7,1.417,2.146,3.1,Moderately drained,Ferric Luvisols,Tea/Sugarcane,Highly Suitable,Highly Suitable,Highly Suitable,Moderately Suitable,Highly Suitable,Highly Suitable
58,Meru,Eastern,960.6,1128.4,30.2,19.4,5.46,58.9,1.677,1.701,15.8,Moderately drained,Chromic Cambisols,Tea/Miraa,Moderately Suitable,Highly Suitable,Moderately Suitable,Highly Suitable,Moderately Suitable,Highly Suitable
59,Vihiga,Western,1874.4,1557.1,27.0,13.2,5.44,70.7,1.847,2.473,13.6,Moderately drained,Ferric Luvisols,Tea/Maize,Highly Suitable,Highly Suitable,Moderately Suitable,Moderately Suitable,Highly Suitable,Highly Suitable
60,Meru,Eastern,1023.9,1428.3,29.4,19.3,5.37,66.2,1.501,2.224,13.2,Moderately drained,Chromic Cambisols,Tea/Miraa,Moderately Suitable,Highly Suitable,Moderately Suitable,Highly Suitable,Highly Suitable,Highly Suitable
61,Kwale,Coast,142.4,1006.3,31.8,24.5,6.96,68.9,0.734,1.548,3.5,Moderately drained,Ferralic Arenosols,Cashew/Coconut,Not Suitable,Highly Suitable,Moderately Suitable,Highly Suitable,Moderately Suitable,Highly Suitable
62,Kwale,Coast,475.2,894.8,30.8,21.0,6.54,71.7,0.634,1.035,11.4,Moderately drained,Ferralic Arenosols,Cashew/Coconut,Not Suitable,Highly Suitable,Moderately Suitable,Highly Suitable,Not Suitable,Highly Suitable
63,Lamu,Coast,25.2,880.1,31.6,24.8,7.48,77.6,0.483,0.557,1.7,Poorly drained,Gleyic Cambisols,Coconut/Fishing,Not Suitable,Moderately Suitable,Moderately Suitable,Highly Suitable,Not Suitable,Highly Suitable
64,Tana River,Coast,179.4,582.2,31.2,23.1,8.74,60.1,0.352,0.723,3.3,Poorly drained,Eutric Vertisols,Irrigation/Livestock,Not Suitable,Moderately Suitable,Not Suitable,Highly Suitable,Not Suitable,Moderately Suitable
65,Machakos,Eastern,1042.2,492.4,26.0,18.2,7.54,50.9,0.697,0.921,10.0,Moderately drained,Chromic Luvisols,Maize/Beans,Not Suitable,Moderately Suitable,Moderately Suitable,Highly Suitable,Not Suitable,Highly Suitable
66,Turkana,Rift Valley,597.3,164.2,40.1,22.4,7.54,42.4,0.145,0.379,5.7,Excessively drained,Haplic Arenosols,Pastoralism,Not Suitable,Not Suitable,Not Suitable,Moderately Suitable,Not Suitable,Not Suitable
67,Kiambu,Central,2090.6,1490.4,25.9,15.4,5.28,73.5,1.158,2.737,14.9,Moderately drained,Humic Nitisols,Tea/Horticulture,Highly Suitable,Highly Suitable,Moderately Suitable,Moderately Suitable,Highly Suitable,Highly Suitable
68,Turkana,Rift Valley,1039.5,210.3,35.7,27.7,7.8,40.1,0.297,0.106,5.6,Excessively drained,Haplic Arenosols,Pastoralism,Not Suitable,Not Suitable,Not Suitable,Moderately Suitable,Not Suitable,Not Suitable
69,Tharaka Nithi,Eastern,1385.8,1042.3,29.2,15.8,6.08,61.6,0.715,1.782,21.3,Moderately drained,Chromic Cambisols,Mango/Miraa,Moderately Suitable,Highly Suitable,Moderately Suitable,Highly Suitable,Highly Suitable,Highly Suitable
70,Meru,Eastern,1681.6,974.7,23.8,16.6,5.36,68.5,1.715,1.781,10.2,Moderately drained,Chromic Cambisols,Tea/Miraa,Highly Suitable,Highly Suitable,Highly Suitable,Moderately Suitable,Highly Suitable,Highly Suitable
71,Baringo,Rift Valley,2175.4,752.4,33.0,16.7,7.56,64.4,0.578,0.961,18.3,Moderately drained,Eutric Vertisols,Maize/Livestock,Not Suitable,Moderately Suitable,Moderately Suitable,Highly Suitable,Not Suitable,Moderately Suitable
72,Uasin Gishu,Rift Valley,1923.1,985.0,21.2,12.6,5.85,59.7,1.331,1.851,7.4,Well drained,Mollic Andosols,Wheat/Maize,Moderately Suitable,Highly Suitable,Highly Suitable,Highly Suitable,Highly Suitable,Highly Suitable
73,Homa Bay,Nyanza,1435.2,1375.7,28.1,20.8,6.74,60.6,1.144,1.284,5.1,Moderately drained,Chromic Luvisols,Maize/Sorghum,Moderately Suitable,Highly Suitable,Moderately Suitable,Highly Suitable,Highly Suitable,Highly Suitable
74,Tharaka Nithi,Eastern,1559.9,938.8,27.7,19.0,6.65,55.3,0.736,0.773,9.7,Moderately drained,Chromic Cambisols,Mango/Miraa,Not Suitable,Highly Suitable,Highly Suitable,Highly Suitable,Moderately Suitable,Highly Suitable
75,Kisii,Nyanza,1867.4,1816.9,26.3,16.6,4.97,72.8,1.36,2.141,10.9,Moderately drained,Humic Nitisols,Tea/Smallholder,Highly Suitable,Moderately Suitable,Moderately Suitable,Moderately Suitable,Moderately Suitable,Moderately Suitable
76,Homa Bay,Nyanza,1499.4,1387.6,29.9,17.3,6.98,70.9,0.945,1.496,9.3,Moderately drained,Chromic Luvisols,Maize/Sorghum,Moderately Suitable,Highly Suitable,Moderately Suitable,Highly Suitable,Highly Suitable,Highly Suitable
77,Nandi,Rift Valley,1644.1,1395.3,21.8,11.5,4.74,71.4,2.141,2.364,7.1,Well drained,Humic Nitisols,Tea/Maize,Highly Suitable,Highly Suitable,Moderately Suitable,Moderately Suitable,Highly Suitable,Highly Suitable
78,Bomet,Rift Valley,1803.9,1291.9,24.9,15.9,5.14,75.1,1.462,2.752,4.3,Well drained,Humic Nitisols,Tea/Dairy,Highly Suitable,Highly Suitable,Highly Suitable,Moderately Suitable,Highly Suitable,Highly Suitable
79,Uasin Gishu,Rift Valley,1929.0,862.8,21.8,12.2,5.57,58.6,1.201,2.265,3.3,Well drained,Mollic Andosols,Wheat/Maize,Moderately Suitable,Highly Suitable,Highly Suitable,Highly Suitable,Highly Suitable,Highly Suitable
80,Machakos,Eastern,1395.5,768.9,24.2,14.0,6.46,58.6,0.473,0.614,10.0,Moderately drained,Chromic Luvisols,Maize/Beans,Not Suitable,Highly Suitable,Moderately Suitable,Highly Suitable,Moderately Suitable,Highly Suitable
81,Kericho,Rift Valley,2185.0,1877.4,24.6,13.3,4.81,74.7,1.856,4.229,10.1,Well drained,Humic Nitisols,Tea/Forest,Highly Suitable,Moderately Suitable,Moderately Suitable,Not Suitable,Moderately Suitable,Moderately Suitable
82,Kirinyaga,Central,1660.2,1605.9,26.1,14.3,5.38,67.7,1.777,1.914,5.1,Well drained,Humic Andosols,Tea/Rice,Highly Suitable,Highly Suitable,Moderately Suitable,Moderately Suitable,Highly Suitable,Highly Suitable
83,Nakuru,Rift Valley,2214.7,776.3,20.6,11.4,7.65,65.6,0.986,1.299,14.7,Well drained,Eutric Vertisols,Wheat/Pyrethrum,Moderately Suitable,Moderately Suitable,Highly Suitable,Highly Suitable,Not Suitable,Highly Suitable
84,Murang'a,Central,1888.4,1524.7,23.7,15.5,5.28,69.7,1.331,3.307,10.3,Moderately drained,Humic Nitisols,Tea/Smallholder,Highly Suitable,Highly Suitable,Highly Suitable,Moderately Suitable,Highly Suitable,Highly Suitable
85,Kericho,Rift Valley,2031.8,1601.1,21.2,13.7,4.98,78.5,2.024,3.924,4.4,Well drained,Humic Nitisols,Tea/Forest,Highly Suitable,Moderately Suitable,Moderately Suitable,Not Suitable,Highly Suitable,Moderately Suitable
86,Garissa,North Eastern,341.3,200.6,36.5,22.8,9.05,39.2,0.138,0.396,1.2,Excessively drained,Haplic Arenosols,Livestock,Not Suitable,Not Suitable,Not Suitable,Moderately Suitable,Not Suitable,Not Suitable
87,Kericho,Rift Valley,1788.7,1888.1,24.8,16.0,4.76,75.7,2.576,3.182,11.3,Well drained,Humic Nitisols,Tea/Forest,Highly Suitable,Moderately Suitable,Moderately Suitable,Not Suitable,Highly Suitable,Moderately Suitable
88,Kakamega,Western,1653.8,1967.3,25.9,17.7,5.57,74.6,1.787,2.69,4.5,Moderately drained,Ferric Luvisols,Tea/Sugarcane,Highly Suitable,Highly Suitable,Highly Suitable,Highly Suitable,Highly Suitable,Highly Suitable
89,Nyandarua,Central,2690.0,1389.8,16.1,11.4,5.23,67.5,1.851,3.313,8.6,Well drained,Humic Andosols,Wheat/Pyrethrum,Highly Suitable,Moderately Suitable,Highly Suitable,Not Suitable,Moderately Suitable,Moderately Suitable
90,Kakamega,Western,1474.4,2007.9,26.3,15.9,5.14,73.8,1.81,2.245,5.5,Moderately drained,Ferric Luvisols,Tea/Sugarcane,Highly Suitable,Highly Suitable,Moderately Suitable,Highly Suitable,Highly Suitable,Highly Suitable
91,Nyamira,Nyanza,1659.7,1373.4,26.0,12.7,4.79,72.4,1.727,2.213,8.6,Moderately drained,Humic Nitisols,Tea/Banana,Highly Suitable,Highly Suitable,Moderately Suitable,Moderately Suitable,Highly Suitable,Highly Suitable
92,Meru,Eastern,1676.2,1176.0,25.4,18.2,6.25,65.7,1.767,1.093,15.1,Moderately drained,Chromic Cambisols,Tea/Miraa,Moderately Suitable,Highly Suitable,Highly Suitable,Highly Suitable,Highly Suitable,Highly Suitable
93,Uasin Gishu,Rift Valley,1944.1,1055.9,18.8,8.6,6.67,68.3,1.474,2.017,2.3,Well drained,Mollic Andosols,Wheat/Maize,Moderately Suitable,Highly Suitable,Highly Suitable,Moderately Suitable,Highly Suitable,Highly Suitable
94,Kitui,Eastern,1061.4,842.9,33.7,16.6,6.94,53.4,0.621,0.732,13.6,Moderately drained,Ferralic Cambisols,Sorghum/Cotton,Not Suitable,Highly Suitable,Moderately Suitable,Highly Suitable,Not Suitable,Highly Suitable
95,Mandera,North Eastern,539.2,183.9,39.6,26.0,8.8,44.4,0.111,0.272,2.6,Excessively drained,Haplic Arenosols,Pastoralism,Not Suitable,Not Suitable,Not Suitable,Not Suitable,Not Suitable,Not Suitable
96,Bomet,Rift Valley,1797.6,1318.9,22.0,15.3,4.74,72.2,1.551,3.583,9.1,Well drained,Humic Nitisols,Tea/Dairy,Highly Suitable,Highly Suitable,Moderately Suitable,Moderately Suitable,Highly Suitable,Highly Suitable
97,Kiambu,Central,1510.3,1161.8,23.9,12.1,5.17,67.0,1.394,2.026,9.4,Moderately drained,Humic Nitisols,Tea/Horticulture,Highly Suitable,Highly Suitable,Highly Suitable,Moderately Suitable,Highly Suitable,Highly Suitable
98,Elgeyo Marakwet,Rift Valley,2573.1,916.4,19.3,12.7,5.93,55.7,1.336,1.763,16.1,Well drained,Eutric Vertisols,Maize/Wheat,Moderately Suitable,Highly Suitable,Highly Suitable,Moderately Suitable,Moderately Suitable,Highly Suitable
99,Nakuru,Rift Valley,1948.0,1128.6,27.0,14.0,6.04,61.1,1.211,0.964,5.0,Well drained,Eutric Vertisols,Wheat/Pyrethrum,Moderately Suitable,Highly Suitable,Highly Suitable,Highly Suitable,Highly Suitable,Highly Suitable
100,Kiambu,Central,1770.6,1254.7,24.2,14.3,5.98,73.8,1.326,2.576,12.2,Moderately drained,Humic Nitisols,Tea/Horticulture,Highly Suitable,Highly Suitable,Highly Suitable,Moderately Suitable,Highly Suitable,Highly Suitable
101,Garissa,North Eastern,121.5,227.6,39.5,23.1,8.18,41.1,0.362,0.119,1.2,Excessively drained,Haplic Arenosols,Livestock,Not Suitable,Not Suitable,Not Suitable,Moderately Suitable,Not Suitable,Not Suitable
102,Mandera,North Eastern,298.0,257.0,42.0,28.9,9.42,28.8,0.242,0.135,1.2,Excessively drained,Haplic Arenosols,Pastoralism,Not Suitable,Not Suitable,Not Suitable,Moderately Suitable,Not Suitable,Not Suitable
103,Isiolo,Eastern,664.1,313.8,30.5,17.4,7.06,52.7,0.203,0.642,2.4,Excessively drained,Chromic Luvisols,Livestock,Not Suitable,Moderately Suitable,Moderately Suitable,Highly Suitable,Not Suitable,Moderately Suitable
104,Kakamega,Western,1788.6,1662.0,26.7,14.8,5.55,75.8,1.445,2.275,2.0,Moderately drained,Ferric Luvisols,Tea/Sugarcane,Highly Suitable,Highly Suitable,Highly Suitable,Moderately Suitable,Highly Suitable,Highly Suitable
105,Meru,Eastern,1511.6,1148.9,29.1,15.6,5.43,60.2,0.87,1.334,18.3,Moderately drained,Chromic Cambisols,Tea/Miraa,Moderately Suitable,Highly Suitable,Moderately Suitable,Highly Suitable,Highly Suitable,Highly Suitable
106,Vihiga,Western,1828.5,1702.9,27.2,13.8,5.76,70.6,1.811,1.861,9.1,Moderately drained,Ferric Luvisols,Tea/Maize,Highly Suitable,Highly Suitable,Highly Suitable,Highly Suitable,Highly Suitable,Highly Suitable
107,Bomet,Rift Valley,1642.3,1470.7,24.0,15.4,4.87,71.8,2.128,3.483,7.2,Well drained,Humic Nitisols,Tea/Dairy,Highly Suitable,Highly Suitable,Moderately Suitable,Moderately Suitable,Highly Suitable,Highly Suitable
108,Garissa,North Eastern,371.0,224.6,41.9,26.9,8.92,48.7,0.317,0.176,1.3,Excessively drained,Haplic Arenosols,Livestock,Not Suitable,Not Suitable,Not Suitable,Moderately Suitable,Not Suitable,Not Suitable
109,Nyandarua,Central,2787.0,1137.7,19.8,6.3,5.61,65.8,1.999,2.117,13.5,Well drained,Humic Andosols,Wheat/Pyrethrum,Moderately Suitable,Highly Suitable,Highly Suitable,Moderately Suitable,Highly Suitable,Highly Suitable
110,Kisii,Nyanza,1646.5,1531.6,23.5,16.8,4.85,73.0,1.368,2.045,7.5,Moderately drained,Humic Nitisols,Tea/Smallholder,Highly Suitable,Highly Suitable,Moderately Suitable,Moderately Suitable,Highly Suitable,Highly Suitable
111,Kiambu,Central,1922.1,1362.4,26.0,13.2,6.23,66.7,1.308,1.943,9.5,Moderately drained,Humic Nitisols,Tea/Horticulture,Highly Suitable,Highly Suitable,Highly Suitable,Highly Suitable,Highly Suitable,Highly Suitable
112,Kericho,Rift Valley,1843.3,1788.7,21.2,11.2,5.08,75.6,1.927,3.544,9.7,Well drained,Humic Nitisols,Tea/Forest,Highly Suitable,Highly Suitable,Highly Suitable,Moderately Suitable,Highly Suitable,Highly Suitable
113,Bungoma,Western,1819.0,1431.8,24.3,14.0,5.72,70.5,1.256,1.475,5.0,Moderately drained,Ferric Luvisols,Sugarcane/Maize,Highly Suitable,Highly Suitable,Highly Suitable,Moderately Suitable,Highly Suitable,Highly Suitable
114,Bungoma,Western,1353.4,1472.4,28.0,16.6,5.4,71.7,1.495,1.507,11.7,Moderately drained,Ferric Luvisols,Sugarcane/Maize,Highly Suitable,Highly Suitable,Moderately Suitable,Highly Suitable,Highly Suitable,Highly Suitable
115,Isiolo,Eastern,433.5,400.5,37.6,16.8,8.22,41.3,0.575,0.274,2.9,Excessively drained,Chromic Luvisols,Livestock,Not Suitable,Not Suitable,Not Suitable,Highly Suitable,Not Suitable,Moderately Suitable
116,Nandi,Rift Valley,1598.2,1494.6,26.4,13.7,4.97,73.6,2.377,2.785,12.8,Well drained,Humic Nitisols,Tea/Maize,Highly Suitable,Highly Suitable,Moderately Suitable,Moderately Suitable,Highly Suitable,Highly Suitable
117,Kisii,Nyanza,1615.3,1446.3,25.9,14.4,5.2,76.2,1.747,1.688,5.5,Moderately drained,Humic Nitisols,Tea/Smallholder,Highly Suitable,Highly Suitable,Moderately Suitable,Moderately Suitable,Highly Suitable,Highly Suitable
118,Kirinyaga,Central,2061.5,1401.1,24.8,11.9,4.91,65.3,2.161,2.935,15.2,Well drained,Humic Andosols,Tea/Rice,Highly Suitable,Moderately Suitable,Moderately Suitable,Not Suitable,Highly Suitable,Highly Suitable
119,Nyamira,Nyanza,1878.6,1462.0,24.3,15.6,5.15,75.1,1.402,2.225,6.6,Moderately drained,Humic Nitisols,Tea/Banana,Highly Suitable,Highly Suitable,Moderately Suitable,Moderately Suitable,Highly Suitable,Highly Suitable
120,Bomet,Rift Valley,1642.1,1334.4,21.4,12.1,5.24,74.0,1.547,2.421,3.3,Well drained,Humic Nitisols,Tea/Dairy,Highly Suitable,Highly Suitable,Highly Suitable,Moderately Suitable,Highly Suitable,Highly Suitable
121,Narok,Rift Valley,2476.8,857.5,20.1,9.3,7.66,60.3,1.126,0.829,9.9,Well drained,Mollic Vertisols,Wheat/Livestock,Moderately Suitable,Moderately Suitable,Highly Suitable,Highly Suitable,Moderately Suitable,Highly Suitable
122,Lamu,Coast,10.0,953.4,32.4,26.2,8.51,75.4,0.554,0.731,1.3,Poorly drained,Gleyic Cambisols,Coconut/Fishing,Not Suitable,Moderately Suitable,Not Suitable,Moderately Suitable,Not Suitable,Moderately Suitable
123,Laikipia,Central,2044.5,534.9,28.0,15.9,8.33,48.4,0.925,1.234,4.2,Well drained,Chromic Luvisols,Livestock/Wheat,Not Suitable,Moderately Suitable,Highly Suitable,Highly Suitable,Not Suitable,Highly Suitable
124,Nyeri,Central,2226.7,1508.8,23.1,10.3,4.8,73.4,2.391,2.838,14.4,Well drained,Humic Andosols,Tea/Coffee,Highly Suitable,Moderately Suitable,Moderately Suitable,Not Suitable,Moderately Suitable,Moderately Suitable
125,Trans Nzoia,Rift Valley,2404.1,1168.5,23.0,8.4,6.22,67.6,1.48,2.675,2.9,Well drained,Mollic Andosols,Wheat/Maize,Moderately Suitable,Highly Suitable,Highly Suitable,Moderately Suitable,Highly Suitable,Highly Suitable
126,Machakos,Eastern,937.2,596.8,24.4,16.5,7.83,64.7,0.782,0.662,18.4,Moderately drained,Chromic Luvisols,Maize/Beans,Not Suitable,Moderately Suitable,Moderately Suitable,Highly Suitable,Not Suitable,Highly Suitable
127,Kisii,Nyanza,1897.2,1508.3,23.3,13.8,4.85,73.9,1.822,2.08,11.7,Moderately drained,Humic Nitisols,Tea/Smallholder,Highly Suitable,Highly Suitable,Moderately Suitable,Moderately Suitable,Highly Suitable,Highly Suitable
128,Makueni,Eastern,1132.0,708.1,33.5,18.7,8.31,41.7,0.396,0.753,11.4,Moderately drained,Chromic Luvisols,Sorghum/Mango,Not Suitable,Moderately Suitable,Not Suitable,Highly Suitable,Not Suitable,Moderately Suitable
129,Mombasa,Coast,14.4,1090.0,31.7,22.7,6.57,82.1,0.388,1.106,1.7,Poorly drained,Calcic Cambisols,Coconut/Cashew,Not Suitable,Highly Suitable,Not Suitable,Highly Suitable,Not Suitable,Highly Suitable
130,Kitui,Eastern,994.9,800.2,35.3,20.0,8.88,49.7,0.469,0.618,5.8,Moderately drained,Ferralic Cambisols,Sorghum/Cotton,Not Suitable,Moderately Suitable,Not Suitable,Highly Suitable,Not Suitable,Moderately Suitable
131,Nyamira,Nyanza,1721.4,1652.9,27.2,13.5,5.36,72.3,1.896,1.853,17.3,Moderately drained,Humic Nitisols,Tea/Banana,Highly Suitable,Highly Suitable,Moderately Suitable,Moderately Suitable,Highly Suitable,Highly Suitable
132,Kirinyaga,Central,1500.4,1574.8,21.3,13.7,5.16,75.2,1.587,1.912,4.2,Well drained,Humic Andosols,Tea/Rice,Highly Suitable,Highly Suitable,Highly Suitable,Moderately Suitable,Highly Suitable,Highly Suitable
133,Tharaka Nithi,Eastern,1069.8,896.8,30.8,18.8,6.34,57.0,0.651,1.387,12.7,Moderately drained,Chromic Cambisols,Mango/Miraa,Not Suitable,Highly Suitable,Moderately Suitable,Highly Suitable,Moderately Suitable,Highly Suitable
134,Siaya,Nyanza,1180.9,1126.7,24.9,16.5,6.62,71.5,0.742,1.951,4.5,Poorly drained,Eutric Vertisols,Maize/Sorghum,Moderately Suitable,Highly Suitable,Moderately Suitable,Highly Suitable,Highly Suitable,Highly Suitable
135,Meru,Eastern,1133.9,1173.5,23.9,15.8,5.89,58.8,1.291,2.669,7.1,Moderately drained,Chromic Cambisols,Tea/Miraa,Moderately Suitable,Highly Suitable,Highly Suitable,Highly Suitable,Highly Suitable,Highly Suitable
136,Kakamega,Western,1423.8,1923.5,28.1,14.5,5.35,77.6,1.558,1.682,5.4,Moderately drained,Ferric Luvisols,Tea/Sugarcane,Highly Suitable,Highly Suitable,Moderately Suitable,Moderately Suitable,Moderately Suitable,Moderately Suitable
137,Tharaka Nithi,Eastern,1386.0,937.5,25.9,19.9,6.93,61.5,1.009,0.923,7.0,Moderately drained,Chromic Cambisols,Mango/Miraa,Moderately Suitable,Highly Suitable,Highly Suitable,Highly Suitable,Highly Suitable,Highly Suitable
138,Kitui,Eastern,643.4,555.0,27.0,23.9,7.3,40.6,0.3,0.711,3.2,Moderately drained,Ferralic Cambisols,Sorghum/Cotton,Not Suitable,Moderately Suitable,Moderately Suitable,Highly Suitable,Not Suitable,Highly Suitable
139,Migori,Nyanza,1113.9,1064.6,29.9,14.7,6.11,62.9,0.776,1.611,6.6,Moderately drained,Ferric Luvisols,Maize/Tea(marginal),Not Suitable,Highly Suitable,Moderately Suitable,Highly Suitable,Moderately Suitable,Highly Suitable
140,Embu,Eastern,1825.4,1290.2,26.2,14.9,5.44,71.7,1.191,1.714,11.1,Moderately drained,Chromic Cambisols,Coffee/Tea,Highly Suitable,Highly Suitable,Highly Suitable,Moderately Suitable,Highly Suitable,Highly Suitable
141,Embu,Eastern,1359.3,1192.4,24.9,14.7,5.17,65.5,1.191,1.699,9.8,Moderately drained,Chromic Cambisols,Coffee/Tea,Highly Suitable,Highly Suitable,Moderately Suitable,Moderately Suitable,Highly Suitable,Highly Suitable
142,Nyamira,Nyanza,1808.3,1689.1,22.8,14.2,5.52,71.9,1.864,1.787,17.2,Moderately drained,Humic Nitisols,Tea/Banana,Highly Suitable,Highly Suitable,Highly Suitable,Moderately Suitable,Highly Suitable,Highly Suitable
143,Bungoma,Western,1560.0,1694.0,27.3,14.7,5.63,71.2,1.619,1.368,2.1,Moderately drained,Ferric Luvisols,Sugarcane/Maize,Highly Suitable,Highly Suitable,Highly Suitable,Highly Suitable,Highly Suitable,Highly Suitable
144,Wajir,North Eastern,272.8,318.2,35.4,24.6,9.4,28.4,0.294,0.384,2.7,Excessively drained,Haplic Arenosols,Pastoralism,Not Suitable,Not Suitable,Not Suitable,Moderately Suitable,Not Suitable,Not Suitable
145,Laikipia,Central,1500.4,838.9,22.4,11.1,7.29,53.2,0.613,0.889,7.7,Well drained,Chromic Luvisols,Livestock/Wheat,Not Suitable,Highly Suitable,Highly Suitable,Highly Suitable,Moderately Suitable,Highly Suitable
146,Nyamira,Nyanza,1616.8,1727.1,23.8,15.2,5.49,74.2,1.793,2.727,16.0,Moderately drained,Humic Nitisols,Tea/Banana,Highly Suitable,Highly Suitable,Highly Suitable,Moderately Suitable,Highly Suitable,Highly Suitable
147,Murang'a,Central,1903.9,1330.1,25.2,15.4,5.02,69.0,1.535,1.845,4.3,Moderately drained,Humic Nitisols,Tea/Smallholder,Highly Suitable,Highly Suitable,Moderately Suitable,Moderately Suitable,Highly Suitable,Highly Suitable
148,Murang'a,Central,1490.0,1332.7,26.1,14.9,5.21,69.3,1.659,3.135,16.5,Moderately drained,Humic Nitisols,Tea/Smallholder,Highly Suitable,Highly Suitable,Moderately Suitable,Highly Suitable,Highly Suitable,Highly Suitable
149,Murang'a,Central,1457.4,1208.0,26.3,15.4,5.43,67.6,1.591,2.811,11.0,Moderately drained,Humic Nitisols,Tea/Smallholder,Highly Suitable,Highly Suitable,Moderately Suitable,Highly Suitable,Highly Suitable,Highly Suitable
150,Nandi,Rift Valley,1978.4,1498.4,21.9,13.9,5.23,76.4,2.194,3.085,6.0,Well drained,Humic Nitisols,Tea/Maize,Highly Suitable,Highly Suitable,Highly Suitable,Moderately Suitable,Highly Suitable,Highly Suitable
151,Nyeri,Central,2282.4,1659.8,20.0,13.3,4.73,70.2,2.137,3.386,13.7,Well drained,Humic Andosols,Tea/Coffee,Highly Suitable,Moderately Suitable,Moderately Suitable,Not Suitable,Moderately Suitable,Moderately Suitable
152,Kisii,Nyanza,1438.9,1906.8,24.5,16.4,4.94,78.5,1.112,2.37,16.5,Moderately drained,Humic Nitisols,Tea/Smallholder,Highly Suitable,Moderately Suitable,Moderately Suitable,Moderately Suitable,Moderately Suitable,Moderately Suitable
153,Kiambu,Central,1925.4,1144.3,23.2,14.6,5.92,65.8,1.516,2.014,11.6,Moderately drained,Humic Nitisols,Tea/Horticulture,Highly Suitable,Highly Suitable,Highly Suitable,Moderately Suitable,Highly Suitable,Highly Suitable
154,Vihiga,Western,1634.9,1595.4,25.7,14.4,5.0,75.0,1.764,2.33,9.4,Moderately drained,Ferric Luvisols,Tea/Maize,Highly Suitable,Highly Suitable,Moderately Suitable,Moderately Suitable,Highly Suitable,Highly Suitable
155,Nairobi,Nairobi,1719.8,1036.3,26.9,15.4,6.95,62.6,1.017,0.934,5.0,Moderately drained,Chromic Luvisols,Urban/Horticulture,Moderately Suitable,Highly Suitable,Highly Suitable,Highly Suitable,Highly Suitable,Highly Suitable
156,Machakos,Eastern,1529.3,920.7,26.7,17.9,6.55,47.2,0.877,0.599,7.6,Moderately drained,Chromic Luvisols,Maize/Beans,Not Suitable,Highly Suitable,Highly Suitable,Highly Suitable,Moderately Suitable,Highly Suitable
157,Kakamega,Western,1660.5,1876.4,25.7,17.4,5.51,82.8,1.744,1.689,7.4,Moderately drained,Ferric Luvisols,Tea/Sugarcane,Highly Suitable,Highly Suitable,Moderately Suitable,Moderately Suitable,Highly Suitable,Highly Suitable
158,Nairobi,Nairobi,1719.4,917.6,25.6,15.3,6.93,67.0,0.856,1.562,7.0,Moderately drained,Chromic Luvisols,Urban/Horticulture,Moderately Suitable,Highly Suitable,Highly Suitable,Highly Suitable,Highly Suitable,Highly Suitable
159,Kisii,Nyanza,1469.2,1880.5,24.4,13.3,5.47,76.0,1.474,2.218,16.8,Moderately drained,Humic Nitisols,Tea/Smallholder,Highly Suitable,Highly Suitable,Moderately Suitable,Moderately Suitable,Highly Suitable,Highly Suitable
160,Nyeri,Central,2227.7,1642.1,22.7,13.0,4.62,76.8,2.472,2.258,17.4,Well drained,Humic Andosols,Tea/Coffee,Highly Suitable,Moderately Suitable,Moderately Suitable,Not Suitable,Moderately Suitable,Moderately Suitable
161,West Pokot,Rift Valley,983.2,726.4,19.8,18.0,7.08,65.7,0.957,1.16,8.8,Moderately drained,Chromic Luvisols,Sorghum/Livestock,Not Suitable,Highly Suitable,Highly Suitable,Highly Suitable,Not Suitable,Highly Suitable
162,Nakuru,Rift Valley,2406.0,691.7,25.8,12.8,6.91,52.1,1.256,1.232,9.0,Well drained,Eutric Vertisols,Wheat/Pyrethrum,Moderately Suitable,Highly Suitable,Highly Suitable,Highly Suitable,Moderately Suitable,Highly Suitable
163,Kajiado,Rift Valley,1881.2,474.5,31.3,19.1,7.61,53.0,0.65,0.74,7.6,Excessively drained,Calcic Cambisols,Livestock/Hort,Not Suitable,Moderately Suitable,Moderately Suitable,Highly Suitable,Not Suitable,Moderately Suitable
164,Kisumu,Nyanza,1140.4,1085.5,29.9,18.6,6.48,60.8,0.771,1.619,1.6,Poorly drained,Eutric Vertisols,Maize/Rice,Not Suitable,Highly Suitable,Moderately Suitable,Highly Suitable,Moderately Suitable,Highly Suitable
165,Kakamega,Western,1469.5,1942.2,28.0,14.4,5.23,74.4,1.544,2.176,8.0,Moderately drained,Ferric Luvisols,Tea/Sugarcane,Highly Suitable,Highly Suitable,Moderately Suitable,Highly Suitable,Highly Suitable,Highly Suitable
166,Meru,Eastern,1286.4,1028.8,26.4,17.9,6.41,66.5,0.877,1.136,24.0,Moderately drained,Chromic Cambisols,Tea/Miraa,Not Suitable,Highly Suitable,Moderately Suitable,Highly Suitable,Highly Suitable,Highly Suitable
167,Murang'a,Central,1703.5,1587.9,26.2,15.2,5.39,70.6,1.498,2.761,13.6,Moderately drained,Humic Nitisols,Tea/Smallholder,Highly Suitable,Highly Suitable,Moderately Suitable,Moderately Suitable,Highly Suitable,Highly Suitable
168,Nairobi,Nairobi,1701.9,1127.1,23.0,12.2,6.2,67.0,1.063,1.903,4.7,Moderately drained,Chromic Luvisols,Urban/Horticulture,Highly Suitable,Highly Suitable,Highly Suitable,Moderately Suitable,Highly Suitable,Highly Suitable
169,Laikipia,Central,2437.7,884.1,29.7,11.5,6.77,50.1,0.937,1.475,7.0,Well drained,Chromic Luvisols,Livestock/Wheat,Not Suitable,Highly Suitable,Highly Suitable,Highly Suitable,Not Suitable,Highly Suitable
170,Vihiga,Western,1860.4,1864.5,25.7,14.8,5.85,76.7,1.152,2.052,8.1,Moderately drained,Ferric Luvisols,Tea/Maize,Highly Suitable,Highly Suitable,Highly Suitable,Moderately Suitable,Highly Suitable,Highly Suitable
171,Nakuru,Rift Valley,2365.0,1031.4,22.7,12.3,7.03,52.0,0.793,1.05,5.3,Well drained,Eutric Vertisols,Wheat/Pyrethrum,Moderately Suitable,Highly Suitable,Highly Suitable,Moderately Suitable,Not Suitable,Highly Suitable
172,Kericho,Rift Valley,2195.0,1675.2,23.7,15.4,4.98,79.0,2.502,3.219,4.9,Well drained,Humic Nitisols,Tea/Forest,Highly Suitable,Moderately Suitable,Moderately Suitable,Not Suitable,Highly Suitable,Moderately Suitable
173,Kiambu,Central,2027.4,1390.3,25.8,15.1,6.07,69.4,1.071,2.134,3.9,Moderately drained,Humic Nitisols,Tea/Horticulture,Highly Suitable,Highly Suitable,Highly Suitable,Moderately Suitable,Highly Suitable,Highly Suitable
174,Kiambu,Central,1538.0,1378.4,23.7,12.0,5.64,62.6,1.221,2.419,3.8,Moderately drained,Humic Nitisols,Tea/Horticulture,Highly Suitable,Highly Suitable,Highly Suitable,Moderately Suitable,Highly Suitable,Highly Suitable
175,Kitui,Eastern,504.1,528.0,31.8,19.0,7.57,57.6,0.375,0.617,4.4,Moderately drained,Ferralic Cambisols,Sorghum/Cotton,Not Suitable,Moderately Suitable,Not Suitable,Highly Suitable,Not Suitable,Moderately Suitable
176,Siaya,Nyanza,1309.9,1235.2,29.4,16.1,6.02,66.4,1.272,1.333,6.3,Poorly drained,Eutric Vertisols,Maize/Sorghum,Moderately Suitable,Highly Suitable,Highly Suitable,Highly Suitable,Highly Suitable,Highly Suitable
177,Kericho,Rift Valley,2097.9,1944.2,22.1,12.9,4.57,77.8,1.836,3.431,7.4,Well drained,Humic Nitisols,Tea/Forest,Highly Suitable,Moderately Suitable,Moderately Suitable,Not Suitable,Moderately Suitable,Moderately Suitable
178,Mandera,North Eastern,508.5,244.7,37.5,29.2,7.83,44.9,0.124,0.104,2.7,Excessively drained,Haplic Arenosols,Pastoralism,Not Suitable,Not Suitable,Not Suitable,Moderately Suitable,Not Suitable,Not Suitable
179,Nyamira,Nyanza,1566.2,1483.5,22.5,13.5,4.79,75.7,1.973,2.958,16.2,Moderately drained,Humic Nitisols,Tea/Banana,Highly Suitable,Highly Suitable,Moderately Suitable,Not Suitable,Highly Suitable,Highly Suitable
180,Meru,Eastern,1059.4,1434.3,29.9,14.1,5.5,61.0,1.071,1.446,6.3,Moderately drained,Chromic Cambisols,Tea/Miraa,Moderately Suitable,Highly Suitable,Moderately Suitable,Highly Suitable,Highly Suitable,Highly Suitable
181,Homa Bay,Nyanza,1446.3,1187.7,31.4,17.8,5.95,63.0,0.623,0.843,8.8,Moderately drained,Chromic Luvisols,Maize/Sorghum,Not Suitable,Highly Suitable,Moderately Suitable,Highly Suitable,Highly Suitable,Highly Suitable
182,Kakamega,Western,1706.4,1916.9,27.3,15.0,5.94,79.7,1.692,1.666,5.6,Moderately drained,Ferric Luvisols,Tea/Sugarcane,Highly Suitable,Highly Suitable,Highly Suitable,Moderately Suitable,Highly Suitable,Highly Suitable
183,Nandi,Rift Valley,1928.0,1794.9,24.4,13.1,4.74,74.5,2.033,2.485,6.2,Well drained,Humic Nitisols,Tea/Maize,Highly Suitable,Highly Suitable,Moderately Suitable,Moderately Suitable,Highly Suitable,Moderately Suitable
184,Kirinyaga,Central,1612.4,1499.0,23.8,12.3,5.39,75.4,2.085,3.056,7.3,Well drained,Humic Andosols,Tea/Rice,Highly Suitable,Highly Suitable,Highly Suitable,Moderately Suitable,Highly Suitable,Highly Suitable
185,Meru,Eastern,1156.9,1017.2,26.6,16.2,5.22,63.2,1.264,2.301,18.1,Moderately drained,Chromic Cambisols,Tea/Miraa,Moderately Suitable,Highly Suitable,Moderately Suitable,Highly Suitable,Highly Suitable,Highly Suitable
186,Nyandarua,Central,2751.1,1143.9,20.5,8.6,6.19,67.2,1.244,2.958,7.5,Well drained,Humic Andosols,Wheat/Pyrethrum,Moderately Suitable,Highly Suitable,Highly Suitable,Moderately Suitable,Highly Suitable,Highly Suitable
187,Kiambu,Central,1639.5,1433.6,23.3,13.5,5.11,63.3,1.413,1.848,13.0,Moderately drained,Humic Nitisols,Tea/Horticulture,Highly Suitable,Highly Suitable,Highly Suitable,Moderately Suitable,Highly Suitable,Highly Suitable
188,Bungoma,Western,1614.8,1580.4,24.8,16.6,5.93,68.9,1.36,2.283,9.9,Moderately drained,Ferric Luvisols,Sugarcane/Maize,Highly Suitable,Highly Suitable,Highly Suitable,Moderately Suitable,Highly Suitable,Highly Suitable
189,Laikipia,Central,1820.7,718.6,22.3,10.3,7.94,52.6,0.554,0.771,5.7,Well drained,Chromic Luvisols,Livestock/Wheat,Not Suitable,Moderately Suitable,Highly Suitable,Highly Suitable,Not Suitable,Highly Suitable
190,Bungoma,Western,1415.7,1283.1,28.3,14.1,6.19,70.1,1.257,1.905,11.4,Moderately drained,Ferric Luvisols,Sugarcane/Maize,Moderately Suitable,Highly Suitable,Moderately Suitable,Highly Suitable,Highly Suitable,Highly Suitable
191,Uasin Gishu,Rift Valley,1874.0,1244.4,21.3,11.1,6.82,66.4,1.384,1.273,6.2,Well drained,Mollic Andosols,Wheat/Maize,Moderately Suitable,Highly Suitable,Highly Suitable,Moderately Suitable,Highly Suitable,Highly Suitable
192,Laikipia,Central,1610.0,889.7,25.8,10.1,7.41,45.8,0.726,0.905,4.3,Well drained,Chromic Luvisols,Livestock/Wheat,Not Suitable,Highly Suitable,Highly Suitable,Highly Suitable,Moderately Suitable,Highly Suitable
193,Nyamira,Nyanza,1711.8,1426.3,23.5,12.8,5.52,75.6,1.741,2.021,7.4,Moderately drained,Humic Nitisols,Tea/Banana,Highly Suitable,Highly Suitable,Highly Suitable,Moderately Suitable,Highly Suitable,Highly Suitable
194,Kericho,Rift Valley,2009.1,1643.6,21.3,14.5,4.55,80.2,2.506,2.663,2.8,Well drained,Humic Nitisols,Tea/Forest,Highly Suitable,Moderately Suitable,Moderately Suitable,Not Suitable,Highly Suitable,Moderately Suitable
195,Nandi,Rift Valley,1840.8,1866.0,21.2,13.8,4.83,79.2,2.471,3.889,8.7,Well drained,Humic Nitisols,Tea/Maize,Highly Suitable,Moderately Suitable,Moderately Suitable,Not Suitable,Highly Suitable,Moderately Suitable
196,Nyeri,Central,2346.0,1490.8,20.4,12.5,5.24,69.7,1.768,2.273,16.0,Well drained,Humic Andosols,Tea/Coffee,Highly Suitable,Highly Suitable,Highly Suitable,Moderately Suitable,Highly Suitable,Highly Suitable
197,Kiambu,Central,1719.3,1402.9,26.6,13.7,6.09,66.5,1.771,1.616,11.2,Moderately drained,Humic Nitisols,Tea/Horticulture,Highly Suitable,Highly Suitable,Highly Suitable,Highly Suitable,Highly Suitable,Highly Suitable
198,Mandera,North Eastern,206.0,153.2,39.0,26.6,9.35,36.8,0.183,0.379,2.4,Excessively drained,Haplic Arenosols,Pastoralism,Not Suitable,Not Suitable,Not Suitable,Not Suitable,Not Suitable,Not Suitable
199,Kirinyaga,Central,1923.3,1598.5,23.3,13.5,4.85,70.2,1.916,2.261,6.4,Well drained,Humic Andosols,Tea/Rice,Highly Suitable,Highly Suitable,Moderately Suitable,Moderately Suitable,Highly Suitable,Highly Suitable
200,Machakos,Eastern,1102.6,940.7,30.1,17.6,6.65,50.3,0.473,1.01,12.9,Moderately drained,Chromic Luvisols,Maize/Beans,Not Suitable,Highly Suitable,Moderately Suitable,Highly Suitable,Not Suitable,Highly Suitable
201,Kwale,Coast,452.2,898.2,30.6,25.2,7.41,73.7,0.429,0.963,3.4,Moderately drained,Ferralic Arenosols,Cashew/Coconut,Not Suitable,Highly Suitable,Moderately Suitable,Highly Suitable,Not Suitable,Highly Suitable
202,Kirinyaga,Central,2142.5,1625.2,21.8,13.1,4.86,76.0,2.181,2.904,13.7,Well drained,Humic Andosols,Tea/Rice,Highly Suitable,Moderately Suitable,Moderately Suitable,Not Suitable,Highly Suitable,Moderately Suitable
203,Nairobi,Nairobi,1768.5,1110.0,26.1,14.7,6.78,68.1,0.947,1.316,5.5,Moderately drained,Chromic Luvisols,Urban/Horticulture,Moderately Suitable,Highly Suitable,Highly Suitable,Highly Suitable,Highly Suitable,Highly Suitable
204,Kilifi,Coast,101.9,923.1,32.2,22.8,7.28,67.8,0.789,0.519,7.5,Moderately drained,Ferralic Arenosols,Cashew/Cassava,Not Suitable,Moderately Suitable,Moderately Suitable,Highly Suitable,Not Suitable,Moderately Suitable
205,Meru,Eastern,1348.5,1239.7,29.5,15.5,5.17,68.1,1.336,2.505,21.4,Moderately drained,Chromic Cambisols,Tea/Miraa,Highly Suitable,Highly Suitable,Moderately Suitable,Highly Suitable,Highly Suitable,Highly Suitable
206,Murang'a,Central,1676.9,1583.3,26.4,16.6,5.49,71.8,1.267,2.681,6.1,Moderately drained,Humic Nitisols,Tea/Smallholder,Highly Suitable,Highly Suitable,Moderately Suitable,Moderately Suitable,Highly Suitable,Highly Suitable
207,Vihiga,Western,1697.6,1640.5,27.6,14.9,4.99,75.5,1.773,2.796,10.6,Moderately drained,Ferric Luvisols,Tea/Maize,Highly Suitable,Highly Suitable,Moderately Suitable,Moderately Suitable,Highly Suitable,Moderately Suitable
208,Embu,Eastern,1230.7,1194.3,27.7,14.1,5.57,72.9,1.574,2.215,15.2,Moderately drained,Chromic Cambisols,Coffee/Tea,Moderately Suitable,Highly Suitable,Highly Suitable,Highly Suitable,Highly Suitable,Highly Suitable
209,Uasin Gishu,Rift Valley,1895.0,1315.7,23.4,8.8,6.02,59.2,0.99,2.261,3.6,Well drained,Mollic Andosols,Wheat/Maize,Highly Suitable,Highly Suitable,Highly Suitable,Moderately Suitable,Highly Suitable,Highly Suitable
210,Bomet,Rift Valley,2016.5,1439.6,26.2,13.7,4.94,77.2,1.626,3.52,8.3,Well drained,Humic Nitisols,Tea/Dairy,Highly Suitable,Moderately Suitable,Moderately Suitable,Not Suitable,Moderately Suitable,Highly Suitable
211,Nandi,Rift Valley,1733.6,1592.0,23.0,13.9,4.86,75.7,1.976,3.327,14.2,Well drained,Humic Nitisols,Tea/Maize,Highly Suitable,Highly Suitable,Moderately Suitable,Not Suitable,Highly Suitable,Highly Suitable
212,Turkana,Rift Valley,1486.9,309.7,36.7,24.3,7.7,37.6,0.245,0.39,2.1,Excessively drained,Haplic Arenosols,Pastoralism,Not Suitable,Not Suitable,Not Suitable,Highly Suitable,Not Suitable,Not Suitable
213,Nairobi,Nairobi,1609.1,836.7,27.7,15.8,5.84,57.4,0.744,1.419,5.0,Moderately drained,Chromic Luvisols,Urban/Horticulture,Not Suitable,Highly Suitable,Highly Suitable,Highly Suitable,Moderately Suitable,Highly Suitable
214,Wajir,North Eastern,414.7,289.8,36.5,21.4,7.48,35.4,0.17,0.266,0.6,Excessively drained,Haplic Arenosols,Pastoralism,Not Suitable,Not Suitable,Not Suitable,Highly Suitable,Not Suitable,Not Suitable
215,Garissa,North Eastern,386.3,209.7,41.9,25.9,8.79,42.2,0.348,0.143,1.5,Excessively drained,Haplic Arenosols,Livestock,Not Suitable,Not Suitable,Not Suitable,Moderately Suitable,Not Suitable,Not Suitable
216,Kisumu,Nyanza,1240.3,1172.8,30.2,16.7,6.74,69.1,1.17,1.14,1.8,Poorly drained,Eutric Vertisols,Maize/Rice,Not Suitable,Highly Suitable,Moderately Suitable,Highly Suitable,Moderately Suitable,Highly Suitable
217,Migori,Nyanza,1462.5,1449.0,28.7,15.3,5.53,74.6,0.706,2.056,4.0,Moderately drained,Ferric Luvisols,Maize/Tea(marginal),Moderately Suitable,Highly Suitable,Moderately Suitable,Highly Suitable,Highly Suitable,Highly Suitable
218,Meru,Eastern,1404.2,1039.3,29.4,16.6,5.84,67.1,1.736,1.115,21.5,Moderately drained,Chromic Cambisols,Tea/Miraa,Moderately Suitable,Highly Suitable,Moderately Suitable,Highly Suitable,Highly Suitable,Highly Suitable
219,Kisumu,Nyanza,1140.4,1347.1,30.7,18.0,6.5,68.4,1.112,1.115,4.7,Poorly drained,Eutric Vertisols,Maize/Rice,Not Suitable,Highly Suitable,Moderately Suitable,Highly Suitable,Moderately Suitable,Highly Suitable
220,Embu,Eastern,1711.2,1013.1,23.7,13.5,5.56,63.6,1.553,2.513,6.3,Moderately drained,Chromic Cambisols,Coffee/Tea,Highly Suitable,Highly Suitable,Highly Suitable,Highly Suitable,Highly Suitable,Highly Suitable
221,Kisumu,Nyanza,1398.0,1206.5,31.1,16.6,6.75,70.6,0.946,1.69,5.9,Poorly drained,Eutric Vertisols,Maize/Rice,Moderately Suitable,Highly Suitable,Moderately Suitable,Highly Suitable,Highly Suitable,Highly Suitable
222,Kajiado,Rift Valley,1130.4,352.2,24.6,17.8,8.67,40.1,0.213,0.501,1.6,Excessively drained,Calcic Cambisols,Livestock/Hort,Not Suitable,Moderately Suitable,Not Suitable,Moderately Suitable,Not Suitable,Moderately Suitable
223,Embu,Eastern,1592.8,1217.8,22.7,13.5,6.11,66.9,1.356,2.207,17.8,Moderately drained,Chromic Cambisols,Coffee/Tea,Highly Suitable,Highly Suitable,Highly Suitable,Moderately Suitable,Highly Suitable,Highly Suitable
224,Trans Nzoia,Rift Valley,2552.7,982.8,23.3,12.9,5.81,68.7,0.928,2.108,4.6,Well drained,Mollic Andosols,Wheat/Maize,Moderately Suitable,Highly Suitable,Highly Suitable,Moderately Suitable,Highly Suitable,Highly Suitable
225,Laikipia,Central,2289.3,534.6,29.9,13.2,7.12,51.2,0.44,1.49,1.3,Well drained,Chromic Luvisols,Livestock/Wheat,Not Suitable,Moderately Suitable,Highly Suitable,Highly Suitable,Not Suitable,Highly Suitable
226,Lamu,Coast,70.4,842.0,36.2,25.4,7.87,75.2,0.323,0.33,1.9,Poorly drained,Gleyic Cambisols,Coconut/Fishing,Not Suitable,Moderately Suitable,Not Suitable,Highly Suitable,Not Suitable,Moderately Suitable
227,Nyeri,Central,2460.0,1270.4,20.5,10.0,5.09,77.0,1.843,4.054,5.9,Well drained,Humic Andosols,Tea/Coffee,Highly Suitable,Moderately Suitable,Highly Suitable,Not Suitable,Highly Suitable,Highly Suitable
228,Siaya,Nyanza,1450.9,1502.9,27.7,15.1,6.17,69.3,0.99,1.582,2.1,Poorly drained,Eutric Vertisols,Maize/Sorghum,Moderately Suitable,Highly Suitable,Moderately Suitable,Highly Suitable,Highly Suitable,Highly Suitable
229,West Pokot,Rift Valley,2194.1,919.7,25.3,15.4,6.07,55.6,1.253,1.668,19.4,Moderately drained,Chromic Luvisols,Sorghum/Livestock,Moderately Suitable,Highly Suitable,Highly Suitable,Highly Suitable,Highly Suitable,Highly Suitable
230,Kakamega,Western,1584.1,2005.2,26.8,15.5,5.91,74.1,1.596,1.563,7.9,Moderately drained,Ferric Luvisols,Tea/Sugarcane,Moderately Suitable,Highly Suitable,Highly Suitable,Highly Suitable,Highly Suitable,Highly Suitable
231,Kilifi,Coast,347.6,986.2,32.3,24.9,6.86,80.6,0.367,1.139,0.0,Moderately drained,Ferralic Arenosols,Cashew/Cassava,Not Suitable,Highly Suitable,Moderately Suitable,Highly Suitable,Not Suitable,Highly Suitable
232,Kisii,Nyanza,1856.5,1727.8,23.7,14.1,5.03,72.5,1.376,2.444,13.8,Moderately drained,Humic Nitisols,Tea/Smallholder,Highly Suitable,Highly Suitable,Highly Suitable,Moderately Suitable,Highly Suitable,Highly Suitable
233,Meru,Eastern,966.8,897.6,25.2,19.3,5.54,63.0,0.905,1.4,15.4,Moderately drained,Chromic Cambisols,Tea/Miraa,Not Suitable,Highly Suitable,Highly Suitable,Highly Suitable,Moderately Suitable,Highly Suitable
234,Mombasa,Coast,17.3,929.5,27.6,23.3,8.1,83.3,0.411,0.964,2.4,Poorly drained,Calcic Cambisols,Coconut/Cashew,Not Suitable,Moderately Suitable,Not Suitable,Moderately Suitable,Not Suitable,Highly Suitable
235,Elgeyo Marakwet,Rift Valley,2235.6,1373.1,23.6,10.7,6.07,63.8,1.245,1.588,18.2,Well drained,Eutric Vertisols,Maize/Wheat,Highly Suitable,Highly Suitable,Highly Suitable,Moderately Suitable,Highly Suitable,Highly Suitable
236,Murang'a,Central,1800.5,1290.1,25.7,14.8,5.41,66.8,1.937,3.267,7.0,Moderately drained,Humic Nitisols,Tea/Smallholder,Highly Suitable,Highly Suitable,Highly Suitable,Moderately Suitable,Highly Suitable,Highly Suitable
237,Uasin Gishu,Rift Valley,2373.8,1285.7,19.6,9.3,6.65,69.6,1.441,1.854,6.6,Well drained,Mollic Andosols,Wheat/Maize,Highly Suitable,Highly Suitable,Highly Suitable,Moderately Suitable,Highly Suitable,Highly Suitable
238,Isiolo,Eastern,425.4,433.6,29.0,20.5,8.88,39.8,0.538,0.2,2.5,Excessively drained,Chromic Luvisols,Livestock,Not Suitable,Moderately Suitable,Not Suitable,Highly Suitable,Not Suitable,Moderately Suitable
239,Samburu,Rift Valley,633.5,515.5,28.6,21.9,7.44,39.2,0.34,0.715,4.3,Excessively drained,Chromic Luvisols,Pastoralism,Not Suitable,Moderately Suitable,Moderately Suitable,Highly Suitable,Not Suitable,Moderately Suitable
240,Wajir,North Eastern,292.0,144.6,42.4,22.8,7.66,36.3,0.254,0.166,0.8,Excessively drained,Haplic Arenosols,Pastoralism,Not Suitable,Not Suitable,Not Suitable,Moderately Suitable,Not Suitable,Not Suitable
241,Kericho,Rift Valley,1722.7,1738.5,26.3,15.5,4.85,78.2,2.077,2.876,6.6,Well drained,Humic Nitisols,Tea/Forest,Highly Suitable,Highly Suitable,Moderately Suitable,Moderately Suitable,Highly Suitable,Moderately Suitable
242,Makueni,Eastern,783.5,470.2,34.0,17.0,6.76,44.8,0.768,0.816,7.8,Moderately drained,Chromic Luvisols,Sorghum/Mango,Not Suitable,Moderately Suitable,Moderately Suitable,Highly Suitable,Not Suitable,Highly Suitable
243,Meru,Eastern,1240.2,998.4,25.0,18.6,5.22,63.8,1.323,1.098,24.5,Moderately drained,Chromic Cambisols,Tea/Miraa,Moderately Suitable,Highly Suitable,Highly Suitable,Highly Suitable,Highly Suitable,Highly Suitable
244,Nakuru,Rift Valley,1766.7,1159.8,24.6,14.0,7.74,57.5,1.097,0.847,4.4,Well drained,Eutric Vertisols,Wheat/Pyrethrum,Moderately Suitable,Highly Suitable,Moderately Suitable,Highly Suitable,Moderately Suitable,Highly Suitable
245,Kericho,Rift Valley,2042.4,1635.7,25.5,15.1,5.17,79.3,2.413,3.336,11.3,Well drained,Humic Nitisols,Tea/Forest,Highly Suitable,Highly Suitable,Moderately Suitable,Moderately Suitable,Highly Suitable,Highly Suitable
246,Turkana,Rift Valley,1617.5,212.7,33.1,26.8,9.25,40.9,0.126,0.399,2.1,Excessively drained,Haplic Arenosols,Pastoralism,Not Suitable,Not Suitable,Not Suitable,Not Suitable,Not Suitable,Not Suitable
247,Vihiga,Western,1534.3,1656.6,23.2,15.2,5.37,71.4,1.454,1.868,11.8,Moderately drained,Ferric Luvisols,Tea/Maize,Highly Suitable,Highly Suitable,Highly Suitable,Moderately Suitable,Highly Suitable,Highly Suitable
248,Nyeri,Central,1966.2,1717.5,23.6,12.3,5.22,76.8,2.004,2.854,15.0,Well drained,Humic Andosols,Tea/Coffee,Highly Suitable,Highly Suitable,Highly Suitable,Moderately Suitable,Highly Suitable,Highly Suitable
249,Nandi,Rift Valley,1962.5,1484.6,21.9,13.9,4.97,76.9,1.935,2.493,12.8,Well drained,Humic Nitisols,Tea/Maize,Highly Suitable,Highly Suitable,Moderately Suitable,Not Suitable,Highly Suitable,Highly Suitable
250,Bungoma,Western,1845.8,1554.6,22.9,16.6,6.48,68.8,1.426,1.694,5.9,Moderately drained,Ferric Luvisols,Sugarcane/Maize,Highly Suitable,Highly Suitable,Highly Suitable,Moderately Suitable,Highly Suitable,Highly Suitable
251,Laikipia,Central,1714.6,776.4,24.1,13.4,6.91,59.6,0.965,1.067,3.5,Well drained,Chromic Luvisols,Livestock/Wheat,Not Suitable,Highly Suitable,Highly Suitable,Highly Suitable,Moderately Suitable,Highly Suitable
252,Narok,Rift Valley,1627.7,1056.6,21.6,9.6,6.52,50.2,0.947,0.783,2.2,Well drained,Mollic Vertisols,Wheat/Livestock,Moderately Suitable,Highly Suitable,Highly Suitable,Moderately Suitable,Highly Suitable,Highly Suitable
253,Lamu,Coast,40.4,724.6,33.5,25.7,8.15,81.0,0.579,0.932,2.6,Poorly drained,Gleyic Cambisols,Coconut/Fishing,Not Suitable,Moderately Suitable,Not Suitable,Highly Suitable,Not Suitable,Moderately Suitable
254,Kisii,Nyanza,1565.8,1666.6,26.6,15.0,4.89,73.1,1.822,2.964,7.1,Moderately drained,Humic Nitisols,Tea/Smallholder,Highly Suitable,Highly Suitable,Moderately Suitable,Moderately Suitable,Highly Suitable,Moderately Suitable
255,Laikipia,Central,2012.6,568.8,25.9,12.8,7.92,61.0,0.598,0.638,4.5,Well drained,Chromic Luvisols,Livestock/Wheat,Moderately Suitable,Moderately Suitable,Moderately Suitable,Highly Suitable,Not Suitable,Highly Suitable
256,Kiambu,Central,2109.0,1056.5,25.9,12.5,5.97,65.3,1.702,2.727,4.8,Moderately drained,Humic Nitisols,Tea/Horticulture,Highly Suitable,Highly Suitable,Highly Suitable,Moderately Suitable,Highly Suitable,Highly Suitable
257,Tharaka Nithi,Eastern,989.7,746.0,26.6,14.6,6.82,59.1,0.811,0.704,10.7,Moderately drained,Chromic Cambisols,Mango/Miraa,Not Suitable,Highly Suitable,Moderately Suitable,Highly Suitable,Not Suitable,Highly Suitable
258,Bungoma,Western,1814.2,1462.4,23.4,14.8,5.52,70.9,1.618,1.398,10.3,Moderately drained,Ferric Luvisols,Sugarcane/Maize,Highly Suitable,Highly Suitable,Highly Suitable,Moderately Suitable,Highly Suitable,Highly Suitable
259,Narok,Rift Valley,2764.8,687.4,24.4,11.0,6.94,52.3,1.078,1.234,5.9,Well drained,Mollic Vertisols,Wheat/Livestock,Not Suitable,Highly Suitable,Highly Suitable,Highly Suitable,Not Suitable,Highly Suitable
260,Taita Taveta,Coast,2174.8,1159.4,32.8,21.1,6.53,65.1,1.216,1.211,24.2,Well drained,Chromic Cambisols,Horticulture/Sisal,Moderately Suitable,Highly Suitable,Highly Suitable,Moderately Suitable,Moderately Suitable,Highly Suitable
261,Kilifi,Coast,57.3,1181.5,31.3,23.1,7.86,71.2,0.717,0.9,5.8,Moderately drained,Ferralic Arenosols,Cashew/Cassava,Not Suitable,Moderately Suitable,Not Suitable,Highly Suitable,Not Suitable,Moderately Suitable
262,Mombasa,Coast,44.8,940.9,31.6,23.9,7.03,74.0,0.731,0.57,3.4,Poorly drained,Calcic Cambisols,Coconut/Cashew,Not Suitable,Moderately Suitable,Moderately Suitable,Highly Suitable,Not Suitable,Highly Suitable
263,Nyamira,Nyanza,1581.3,1690.5,23.1,13.9,5.44,69.8,1.288,2.837,9.5,Moderately drained,Humic Nitisols,Tea/Banana,Highly Suitable,Highly Suitable,Highly Suitable,Moderately Suitable,Highly Suitable,Highly Suitable
264,Murang'a,Central,1586.8,1515.1,26.3,14.1,5.21,66.3,1.381,2.958,6.5,Moderately drained,Humic Nitisols,Tea/Smallholder,Highly Suitable,Highly Suitable,Moderately Suitable,Moderately Suitable,Highly Suitable,Highly Suitable
265,Embu,Eastern,1408.7,1007.4,25.3,14.6,5.45,73.6,1.457,2.609,6.0,Moderately drained,Chromic Cambisols,Coffee/Tea,Highly Suitable,Highly Suitable,Moderately Suitable,Highly Suitable,Highly Suitable,Highly Suitable
266,Kitui,Eastern,672.0,675.7,29.9,21.9,7.95,45.8,0.285,0.459,12.4,Moderately drained,Ferralic Cambisols,Sorghum/Cotton,Not Suitable,Moderately Suitable,Not Suitable,Highly Suitable,Not Suitable,Moderately Suitable
267,Murang'a,Central,1924.0,1507.9,26.5,13.6,5.27,65.1,1.447,3.035,17.9,Moderately drained,Humic Nitisols,Tea/Smallholder,Highly Suitable,Highly Suitable,Moderately Suitable,Moderately Suitable,Highly Suitable,Highly Suitable
268,Kisii,Nyanza,1576.2,1453.5,23.8,14.6,5.74,71.4,1.787,1.685,19.7,Moderately drained,Humic Nitisols,Tea/Smallholder,Highly Suitable,Highly Suitable,Highly Suitable,Moderately Suitable,Highly Suitable,Highly Suitable
269,Nyeri,Central,1842.1,1627.1,21.3,11.8,4.42,68.7,1.992,3.16,14.0,Well drained,Humic Andosols,Tea/Coffee,Highly Suitable,Highly Suitable,Moderately Suitable,Moderately Suitable,Highly Suitable,Moderately Suitable
270,Makueni,Eastern,966.5,510.1,26.3,20.3,6.51,51.2,0.49,0.805,11.0,Moderately drained,Chromic Luvisols,Sorghum/Mango,Not Suitable,Highly Suitable,Moderately Suitable,Highly Suitable,Not Suitable,Highly Suitable
271,Kilifi,Coast,53.7,1127.4,33.7,22.3,6.33,70.4,0.788,0.683,3.6,Moderately drained,Ferralic Arenosols,Cashew/Cassava,Not Suitable,Highly Suitable,Moderately Suitable,Highly Suitable,Moderately Suitable,Highly Suitable
272,Murang'a,Central,1842.5,1444.7,26.3,13.2,4.84,72.9,1.272,1.921,4.2,Moderately drained,Humic Nitisols,Tea/Smallholder,Highly Suitable,Highly Suitable,Moderately Suitable,Moderately Suitable,Highly Suitable,Highly Suitable
273,Kiambu,Central,1833.8,1388.8,23.5,14.6,5.72,64.0,1.452,2.503,9.0,Moderately drained,Humic Nitisols,Tea/Horticulture,Highly Suitable,Highly Suitable,Highly Suitable,Moderately Suitable,Highly Suitable,Highly Suitable
274,Homa Bay,Nyanza,1509.6,1378.1,28.1,17.9,6.52,70.1,0.835,1.705,6.0,Moderately drained,Chromic Luvisols,Maize/Sorghum,Moderately Suitable,Highly Suitable,Moderately Suitable,Highly Suitable,Highly Suitable,Highly Suitable
275,Kirinyaga,Central,1523.6,1440.0,22.8,13.4,5.59,73.5,1.598,3.207,6.0,Well drained,Humic Andosols,Tea/Rice,Highly Suitable,Highly Suitable,Highly Suitable,Moderately Suitable,Highly Suitable,Highly Suitable
276,Kericho,Rift Valley,1759.8,1885.2,24.6,13.8,5.02,76.9,2.323,3.355,2.3,Well drained,Humic Nitisols,Tea/Forest,Highly Suitable,Highly Suitable,Moderately Suitable,Moderately Suitable,Highly Suitable,Highly Suitable
277,Nyeri,Central,1797.3,1823.6,20.8,10.7,5.32,74.6,2.098,3.311,15.8,Well drained,Humic Andosols,Tea/Coffee,Highly Suitable,Highly Suitable,Highly Suitable,Moderately Suitable,Highly Suitable,Highly Suitable
278,Kisumu,Nyanza,1517.2,1084.8,29.4,20.4,6.84,65.6,0.725,1.575,4.0,Poorly drained,Eutric Vertisols,Maize/Rice,Moderately Suitable,Highly Suitable,Highly Suitable,Highly Suitable,Moderately Suitable,Highly Suitable
279,Bomet,Rift Valley,1905.9,1351.2,22.8,12.4,5.01,72.1,2.008,3.185,3.8,Well drained,Humic Nitisols,Tea/Dairy,Highly Suitable,Highly Suitable,Highly Suitable,Moderately Suitable,Highly Suitable,Highly Suitable
280,Narok,Rift Valley,1851.3,548.5,28.3,10.0,7.29,51.0,0.906,1.694,3.9,Well drained,Mollic Vertisols,Wheat/Livestock,Not Suitable,Highly Suitable,Highly Suitable,Highly Suitable,Not Suitable,Highly Suitable
281,Vihiga,Western,1696.2,1628.0,25.9,13.0,5.02,74.9,1.86,1.937,10.5,Moderately drained,Ferric Luvisols,Tea/Maize,Highly Suitable,Highly Suitable,Moderately Suitable,Moderately Suitable,Highly Suitable,Highly Suitable
282,Kirinyaga,Central,1659.6,1278.9,21.5,13.8,4.8,71.5,1.465,2.925,13.8,Well drained,Humic Andosols,Tea/Rice,Highly Suitable,Highly Suitable,Highly Suitable,Moderately Suitable,Highly Suitable,Highly Suitable
283,Nyamira,Nyanza,1422.6,1528.3,25.4,13.0,5.14,68.4,1.559,2.409,12.4,Moderately drained,Humic Nitisols,Tea/Banana,Highly Suitable,Highly Suitable,Moderately Suitable,Highly Suitable,Highly Suitable,Highly Suitable
284,Kirinyaga,Central,1466.2,1395.2,22.2,13.3,5.31,66.5,1.781,2.659,5.7,Well drained,Humic Andosols,Tea/Rice,Highly Suitable,Highly Suitable,Moderately Suitable,Moderately Suitable,Highly Suitable,Highly Suitable
285,Laikipia,Central,2040.6,846.8,26.2,12.2,7.51,54.8,0.513,1.411,5.7,Well drained,Chromic Luvisols,Livestock/Wheat,Not Suitable,Moderately Suitable,Highly Suitable,Highly Suitable,Not Suitable,Highly Suitable
286,Machakos,Eastern,1177.6,583.7,26.1,14.3,6.41,45.2,0.776,0.816,19.5,Moderately drained,Chromic Luvisols,Maize/Beans,Not Suitable,Highly Suitable,Moderately Suitable,Highly Suitable,Not Suitable,Highly Suitable
287,Nyeri,Central,1798.7,1370.9,23.0,12.6,4.8,77.5,1.751,3.065,19.2,Well drained,Humic Andosols,Tea/Coffee,Highly Suitable,Highly Suitable,Moderately Suitable,Not Suitable,Highly Suitable,Highly Suitable
288,Kiambu,Central,1659.8,1075.3,24.3,15.0,5.52,62.7,1.766,2.726,12.4,Moderately drained,Humic Nitisols,Tea/Horticulture,Highly Suitable,Highly Suitable,Highly Suitable,Highly Suitable,Highly Suitable,Highly Suitable
289,Meru,Eastern,1405.1,1254.2,24.4,17.6,5.34,62.7,0.943,2.246,9.1,Moderately drained,Chromic Cambisols,Tea/Miraa,Highly Suitable,Highly Suitable,Moderately Suitable,Moderately Suitable,Highly Suitable,Highly Suitable
290,Kilifi,Coast,318.7,935.6,28.0,25.2,6.97,81.0,0.709,1.046,2.0,Moderately drained,Ferralic Arenosols,Cashew/Cassava,Not Suitable,Highly Suitable,Moderately Suitable,Highly Suitable,Not Suitable,Highly Suitable
291,Machakos,Eastern,1519.5,597.5,31.2,18.5,7.46,59.2,0.52,0.711,14.7,Moderately drained,Chromic Luvisols,Maize/Beans,Not Suitable,Moderately Suitable,Highly Suitable,Highly Suitable,Not Suitable,Highly Suitable
292,Trans Nzoia,Rift Valley,2065.1,1277.8,20.1,11.8,6.17,64.9,1.554,1.876,1.8,Well drained,Mollic Andosols,Wheat/Maize,Highly Suitable,Highly Suitable,Highly Suitable,Moderately Suitable,Highly Suitable,Highly Suitable
293,Nyeri,Central,1637.4,1379.5,24.8,13.9,4.5,77.5,2.239,3.936,11.8,Well drained,Humic Andosols,Tea/Coffee,Highly Suitable,Highly Suitable,Moderately Suitable,Not Suitable,Highly Suitable,Highly Suitable
294,Elgeyo Marakwet,Rift Valley,2262.6,1091.3,21.4,8.0,5.63,65.8,1.21,2.398,13.1,Well drained,Eutric Vertisols,Maize/Wheat,Highly Suitable,Highly Suitable,Highly Suitable,Moderately Suitable,Highly Suitable,Highly Suitable
295,Samburu,Rift Valley,1563.9,455.6,31.7,16.2,8.36,34.2,0.421,0.352,19.2,Excessively drained,Chromic Luvisols,Pastoralism,Not Suitable,Not Suitable,Moderately Suitable,Moderately Suitable,Not Suitable,Moderately Suitable
296,Makueni,Eastern,1183.7,553.3,30.5,17.0,6.94,54.6,0.32,0.476,2.1,Moderately drained,Chromic Luvisols,Sorghum/Mango,Not Suitable,Moderately Suitable,Moderately Suitable,Highly Suitable,Not Suitable,Highly Suitable
297,Kirinyaga,Central,2011.5,1459.7,24.4,11.2,5.49,71.8,1.763,2.862,14.4,Well drained,Humic Andosols,Tea/Rice,Highly Suitable,Highly Suitable,Moderately Suitable,Moderately Suitable,Highly Suitable,Highly Suitable
298,Uasin Gishu,Rift Valley,2395.6,994.1,21.9,9.6,7.07,58.4,1.206,1.416,6.0,Well drained,Mollic Andosols,Wheat/Maize,Moderately Suitable,Highly Suitable,Highly Suitable,Moderately Suitable,Moderately Suitable,Highly Suitable
299,Narok,Rift Valley,2700.0,972.8,25.2,10.8,5.97,50.0,0.874,1.443,4.8,Well drained,Mollic Vertisols,Wheat/Livestock,Moderately Suitable,Highly Suitable,Highly Suitable,Highly Suitable,Moderately Suitable,Highly Suitable
300,Makueni,Eastern,1075.5,859.1,29.9,17.0,6.73,54.1,0.622,0.699,17.2,Moderately drained,Chromic Luvisols,Sorghum/Mango,Not Suitable,Highly Suitable,Moderately Suitable,Highly Suitable,Not Suitable,Highly Suitable
301,Embu,Eastern,1610.1,1195.4,24.5,16.3,5.34,64.3,1.103,1.817,14.9,Moderately drained,Chromic Cambisols,Coffee/Tea,Highly Suitable,Highly Suitable,Highly Suitable,Moderately Suitable,Highly Suitable,Highly Suitable
302,Nandi,Rift Valley,1740.5,1722.8,22.2,11.7,5.28,79.5,1.873,2.541,10.7,Well drained,Humic Nitisols,Tea/Maize,Highly Suitable,Highly Suitable,Highly Suitable,Moderately Suitable,Highly Suitable,Highly Suitable
303,Nakuru,Rift Valley,2251.4,778.7,22.5,13.6,7.58,52.7,0.789,1.868,2.1,Well drained,Eutric Vertisols,Wheat/Pyrethrum,Moderately Suitable,Moderately Suitable,Highly Suitable,Highly Suitable,Not Suitable,Highly Suitable
304,Kiambu,Central,2142.2,1114.5,24.4,15.6,5.92,62.7,1.118,1.51,10.6,Moderately drained,Humic Nitisols,Tea/Horticulture,Highly Suitable,Highly Suitable,Highly Suitable,Moderately Suitable,Highly Suitable,Highly Suitable
305,Marsabit,Eastern,856.6,452.6,35.5,20.3,8.01,48.6,0.357,0.733,4.4,Excessively drained,Chromic Cambisols,Livestock,Not Suitable,Not Suitable,Not Suitable,Highly Suitable,Not Suitable,Moderately Suitable
306,Bomet,Rift Valley,2013.0,1536.6,25.5,13.6,4.82,75.4,1.724,3.208,6.0,Well drained,Humic Nitisols,Tea/Dairy,Highly Suitable,Moderately Suitable,Moderately Suitable,Not Suitable,Highly Suitable,Highly Suitable
307,Nyeri,Central,2197.4,1501.6,24.5,13.2,5.06,76.7,1.806,2.424,9.0,Well drained,Humic Andosols,Tea/Coffee,Highly Suitable,Highly Suitable,Moderately Suitable,Not Suitable,Highly Suitable,Highly Suitable
308,Trans Nzoia,Rift Valley,2570.8,989.1,20.8,10.9,6.29,61.0,0.94,1.658,5.1,Well drained,Mollic Andosols,Wheat/Maize,Moderately Suitable,Highly Suitable,Highly Suitable,Moderately Suitable,Moderately Suitable,Highly Suitable
309,Samburu,Rift Valley,1269.6,614.4,35.1,21.9,8.45,35.6,0.545,0.736,5.5,Excessively drained,Chromic Luvisols,Pastoralism,Not Suitable,Moderately Suitable,Not Suitable,Highly Suitable,Not Suitable,Moderately Suitable
310,Nyamira,Nyanza,1503.0,1331.9,22.3,15.9,4.92,74.6,1.871,2.371,7.0,Moderately drained,Humic Nitisols,Tea/Banana,Highly Suitable,Highly Suitable,Moderately Suitable,Moderately Suitable,Highly Suitable,Highly Suitable
311,Samburu,Rift Valley,624.4,539.7,31.6,23.1,7.85,36.3,0.4,0.474,8.2,Excessively drained,Chromic Luvisols,Pastoralism,Not Suitable,Not Suitable,Not Suitable,Highly Suitable,Not Suitable,Moderately Suitable
312,Siaya,Nyanza,1439.1,1452.4,28.8,19.7,6.67,72.1,0.998,1.259,7.5,Poorly drained,Eutric Vertisols,Maize/Sorghum,Moderately Suitable,Highly Suitable,Moderately Suitable,Highly Suitable,Highly Suitable,Highly Suitable
313,Kajiado,Rift Valley,1478.4,475.4,34.4,12.2,7.9,46.0,0.332,0.686,8.2,Excessively drained,Calcic Cambisols,Livestock/Hort,Not Suitable,Not Suitable,Moderately Suitable,Highly Suitable,Not Suitable,Moderately Suitable
314,Kilifi,Coast,366.1,1091.1,34.7,22.3,6.21,73.2,0.557,1.312,3.6,Moderately drained,Ferralic Arenosols,Cashew/Cassava,Not Suitable,Highly Suitable,Moderately Suitable,Highly Suitable,Moderately Suitable,Highly Suitable
315,Marsabit,Eastern,782.7,559.7,29.3,18.5,7.1,50.1,0.256,0.335,8.8,Excessively drained,Chromic Cambisols,Livestock,Not Suitable,Moderately Suitable,Moderately Suitable,Highly Suitable,Not Suitable,Moderately Suitable
316,Kiambu,Central,1904.0,1122.1,25.8,13.0,5.63,66.3,1.525,1.813,5.3,Moderately drained,Humic Nitisols,Tea/Horticulture,Highly Suitable,Highly Suitable,Highly Suitable,Highly Suitable,Highly Suitable,Highly Suitable
317,Kwale,Coast,105.7,1232.5,29.5,22.7,6.72,81.7,0.535,0.604,1.1,Moderately drained,Ferralic Arenosols,Cashew/Coconut,Not Suitable,Highly Suitable,Not Suitable,Moderately Suitable,Not Suitable,Moderately Suitable
318,Kiambu,Central,2064.9,1238.3,24.9,13.7,5.1,64.0,1.356,1.772,3.6,Moderately drained,Humic Nitisols,Tea/Horticulture,Highly Suitable,Highly Suitable,Highly Suitable,Moderately Suitable,Highly Suitable,Highly Suitable
319,Kirinyaga,Central,1689.1,1637.0,21.5,12.3,5.02,73.4,1.326,2.134,15.4,Well drained,Humic Andosols,Tea/Rice,Highly Suitable,Highly Suitable,Highly Suitable,Moderately Suitable,Highly Suitable,Highly Suitable
320,Trans Nzoia,Rift Valley,2106.6,1028.8,20.3,8.2,6.69,69.9,1.312,2.03,6.6,Well drained,Mollic Andosols,Wheat/Maize,Highly Suitable,Highly Suitable,Highly Suitable,Moderately Suitable,Highly Suitable,Highly Suitable
321,Nairobi,Nairobi,1630.0,1010.0,26.8,12.4,5.82,55.2,0.956,1.864,5.7,Moderately drained,Chromic Luvisols,Urban/Horticulture,Moderately Suitable,Highly Suitable,Highly Suitable,Highly Suitable,Highly Suitable,Highly Suitable
322,Elgeyo Marakwet,Rift Valley,1989.1,1367.0,22.2,9.6,6.05,64.9,1.592,1.698,22.8,Well drained,Eutric Vertisols,Maize/Wheat,Highly Suitable,Highly Suitable,Highly Suitable,Moderately Suitable,Highly Suitable,Highly Suitable
323,Makueni,Eastern,1257.6,760.8,31.8,19.4,6.81,54.2,0.639,0.42,8.6,Moderately drained,Chromic Luvisols,Sorghum/Mango,Not Suitable,Highly Suitable,Moderately Suitable,Highly Suitable,Not Suitable,Highly Suitable
324,Uasin Gishu,Rift Valley,2248.8,1030.4,20.9,8.3,7.15,62.3,1.135,1.662,5.8,Well drained,Mollic Andosols,Wheat/Maize,Moderately Suitable,Highly Suitable,Highly Suitable,Moderately Suitable,Moderately Suitable,Highly Suitable
325,Kilifi,Coast,289.8,836.6,31.4,21.5,6.09,69.3,0.337,0.514,6.5,Moderately drained,Ferralic Arenosols,Cashew/Cassava,Not Suitable,Highly Suitable,Moderately Suitable,Highly Suitable,Moderately Suitable,Highly Suitable
326,Murang'a,Central,1536.0,1358.7,22.2,15.1,4.81,73.8,1.434,2.718,16.3,Moderately drained,Humic Nitisols,Tea/Smallholder,Highly Suitable,Highly Suitable,Moderately Suitable,Moderately Suitable,Highly Suitable,Highly Suitable
327,Kiambu,Central,1814.5,1237.6,24.9,12.3,5.79,64.9,1.571,2.569,12.6,Moderately drained,Humic Nitisols,Tea/Horticulture,Highly Suitable,Highly Suitable,Highly Suitable,Moderately Suitable,Highly Suitable,Highly Suitable
328,Nyandarua,Central,2017.7,1349.2,16.6,9.7,5.04,67.6,1.986,1.701,7.5,Well drained,Humic Andosols,Wheat/Pyrethrum,Highly Suitable,Moderately Suitable,Highly Suitable,Not Suitable,Highly Suitable,Highly Suitable
329,Mandera,North Eastern,233.7,331.5,41.4,27.8,7.66,38.5,0.236,0.349,0.1,Excessively drained,Haplic Arenosols,Pastoralism,Not Suitable,Not Suitable,Not Suitable,Moderately Suitable,Not Suitable,Not Suitable
330,Kiambu,Central,2169.8,1232.4,24.5,13.8,5.22,66.4,1.296,1.568,12.2,Moderately drained,Humic Nitisols,Tea/Horticulture,Highly Suitable,Highly Suitable,Highly Suitable,Moderately Suitable,Highly Suitable,Highly Suitable
331,Embu,Eastern,1678.2,1405.6,23.8,15.5,5.55,68.1,1.006,2.368,13.3,Moderately drained,Chromic Cambisols,Coffee/Tea,Highly Suitable,Highly Suitable,Highly Suitable,Moderately Suitable,Highly Suitable,Highly Suitable
332,Meru,Eastern,1185.5,1089.8,30.6,18.7,5.63,70.8,1.753,1.588,12.1,Moderately drained,Chromic Cambisols,Tea/Miraa,Moderately Suitable,Highly Suitable,Moderately Suitable,Highly Suitable,Highly Suitable,Highly Suitable
333,Kwale,Coast,241.2,1300.9,29.9,23.9,7.44,76.2,0.514,1.25,4.1,Moderately drained,Ferralic Arenosols,Cashew/Coconut,Not Suitable,Moderately Suitable,Not Suitable,Highly Suitable,Not Suitable,Highly Suitable
334,Trans Nzoia,Rift Valley,2423.9,934.7,17.9,11.6,5.99,63.1,0.909,2.31,7.0,Well drained,Mollic Andosols,Wheat/Maize,Moderately Suitable,Moderately Suitable,Highly Suitable,Moderately Suitable,Moderately Suitable,Highly Suitable
335,Kitui,Eastern,1448.7,892.3,28.3,19.6,6.52,50.8,0.407,0.489,5.7,Moderately drained,Ferralic Cambisols,Sorghum/Cotton,Not Suitable,Highly Suitable,Moderately Suitable,Highly Suitable,Moderately Suitable,Highly Suitable
336,Nandi,Rift Valley,1803.5,1737.1,21.2,14.5,5.38,75.7,2.197,3.845,11.5,Well drained,Humic Nitisols,Tea/Maize,Highly Suitable,Highly Suitable,Highly Suitable,Moderately Suitable,Highly Suitable,Highly Suitable
337,Nakuru,Rift Valley,2445.4,789.1,23.1,10.9,7.03,59.4,1.321,1.916,7.0,Well drained,Eutric Vertisols,Wheat/Pyrethrum,Moderately Suitable,Highly Suitable,Highly Suitable,Highly Suitable,Moderately Suitable,Highly Suitable
338,Nyandarua,Central,2072.8,845.5,18.3,7.8,6.36,67.3,1.758,2.56,11.2,Well drained,Humic Andosols,Wheat/Pyrethrum,Moderately Suitable,Highly Suitable,Highly Suitable,Moderately Suitable,Highly Suitable,Highly Suitable
339,Nairobi,Nairobi,1827.3,1017.6,22.7,14.1,6.09,66.9,1.055,1.893,1.1,Moderately drained,Chromic Luvisols,Urban/Horticulture,Highly Suitable,Highly Suitable,Highly Suitable,Moderately Suitable,Highly Suitable,Highly Suitable
340,Bungoma,Western,1511.0,1528.8,23.4,16.2,5.49,74.8,1.643,2.03,9.4,Moderately drained,Ferric Luvisols,Sugarcane/Maize,Highly Suitable,Highly Suitable,Highly Suitable,Moderately Suitable,Highly Suitable,Highly Suitable
341,Uasin Gishu,Rift Valley,1828.0,1087.9,23.0,11.5,6.36,58.7,1.099,1.81,7.5,Well drained,Mollic Andosols,Wheat/Maize,Moderately Suitable,Highly Suitable,Highly Suitable,Highly Suitable,Highly Suitable,Highly Suitable
342,Bungoma,Western,1790.8,1761.7,25.9,15.6,6.35,69.0,1.186,2.222,10.2,Moderately drained,Ferric Luvisols,Sugarcane/Maize,Highly Suitable,Highly Suitable,Highly Suitable,Highly Suitable,Highly Suitable,Highly Suitable
343,Nakuru,Rift Valley,2374.0,887.9,26.3,12.8,6.39,61.6,0.649,1.296,9.1,Well drained,Eutric Vertisols,Wheat/Pyrethrum,Not Suitable,Highly Suitable,Highly Suitable,Highly Suitable,Moderately Suitable,Highly Suitable
344,Kiambu,Central,2087.5,1000.3,22.5,15.0,5.39,63.2,1.288,1.852,13.1,Moderately drained,Humic Nitisols,Tea/Horticulture,Highly Suitable,Highly Suitable,Highly Suitable,Moderately Suitable,Highly Suitable,Highly Suitable
345,Kiambu,Central,1706.7,1155.3,23.5,15.2,6.17,66.9,1.725,1.918,8.7,Moderately drained,Humic Nitisols,Tea/Horticulture,Highly Suitable,Highly Suitable,Highly Suitable,Moderately Suitable,Highly Suitable,Highly Suitable
346,Elgeyo Marakwet,Rift Valley,2034.5,965.3,17.7,13.3,6.45,60.1,1.137,1.311,23.0,Well drained,Eutric Vertisols,Maize/Wheat,Moderately Suitable,Highly Suitable,Highly Suitable,Moderately Suitable,Moderately Suitable,Highly Suitable
347,Migori,Nyanza,1432.3,1346.3,29.7,18.5,5.65,74.4,0.717,1.452,11.0,Moderately drained,Ferric Luvisols,Maize/Tea(marginal),Moderately Suitable,Highly Suitable,Moderately Suitable,Highly Suitable,Highly Suitable,Highly Suitable
348,Siaya,Nyanza,1466.8,1339.0,29.2,15.4,5.84,62.1,1.101,1.213,6.5,Poorly drained,Eutric Vertisols,Maize/Sorghum,Moderately Suitable,Highly Suitable,Moderately Suitable,Highly Suitable,Highly Suitable,Highly Suitable
349,Kakamega,Western,1756.0,1705.2,24.2,14.1,5.64,79.4,1.538,1.608,5.3,Moderately drained,Ferric Luvisols,Tea/Sugarcane,Highly Suitable,Highly Suitable,Highly Suitable,Moderately Suitable,Highly Suitable,Highly Suitable
350,Meru,Eastern,1471.5,1373.8,24.6,17.1,5.88,63.2,1.733,2.49,18.9,Moderately drained,Chromic Cambisols,Tea/Miraa,Highly Suitable,Highly Suitable,Moderately Suitable,Highly Suitable,Highly Suitable,Highly Suitable
351,Meru,Eastern,1646.2,1244.4,25.6,17.7,6.15,68.3,1.321,1.123,12.4,Moderately drained,Chromic Cambisols,Tea/Miraa,Highly Suitable,Highly Suitable,Highly Suitable,Highly Suitable,Highly Suitable,Highly Suitable
352,Baringo,Rift Valley,1281.0,1042.9,29.7,16.4,7.57,47.1,0.684,0.752,5.8,Moderately drained,Eutric Vertisols,Maize/Livestock,Not Suitable,Moderately Suitable,Moderately Suitable,Highly Suitable,Moderately Suitable,Moderately Suitable
353,Kericho,Rift Valley,2199.9,2059.5,23.8,14.8,5.22,80.5,2.047,3.401,3.3,Well drained,Humic Nitisols,Tea/Forest,Highly Suitable,Moderately Suitable,Moderately Suitable,Not Suitable,Moderately Suitable,Highly Suitable
354,Kirinyaga,Central,1668.2,1097.6,26.2,14.3,5.48,75.3,1.285,2.456,4.9,Well drained,Humic Andosols,Tea/Rice,Highly Suitable,Highly Suitable,Highly Suitable,Moderately Suitable,Highly Suitable,Highly Suitable
355,Migori,Nyanza,1602.0,1135.6,26.8,17.3,5.83,67.7,0.746,1.482,9.6,Moderately drained,Ferric Luvisols,Maize/Tea(marginal),Moderately Suitable,Highly Suitable,Highly Suitable,Highly Suitable,Highly Suitable,Highly Suitable
356,Trans Nzoia,Rift Valley,2526.4,1105.7,20.1,8.7,5.78,65.2,1.317,1.621,7.6,Well drained,Mollic Andosols,Wheat/Maize,Moderately Suitable,Highly Suitable,Highly Suitable,Moderately Suitable,Highly Suitable,Highly Suitable
357,Kajiado,Rift Valley,2241.9,409.4,32.6,16.5,8.73,45.6,0.511,0.82,9.2,Excessively drained,Calcic Cambisols,Livestock/Hort,Not Suitable,Not Suitable,Moderately Suitable,Moderately Suitable,Not Suitable,Moderately Suitable
358,Laikipia,Central,2211.1,566.4,28.2,12.7,7.01,49.1,0.69,1.398,3.6,Well drained,Chromic Luvisols,Livestock/Wheat,Not Suitable,Moderately Suitable,Highly Suitable,Highly Suitable,Not Suitable,Moderately Suitable
359,Bomet,Rift Valley,1914.9,1470.8,25.7,14.1,5.21,72.3,2.058,3.484,4.6,Well drained,Humic Nitisols,Tea/Dairy,Highly Suitable,Highly Suitable,Moderately Suitable,Moderately Suitable,Highly Suitable,Highly Suitable
360,Meru,Eastern,1147.8,1074.2,31.3,18.0,6.27,61.5,1.425,2.029,21.7,Moderately drained,Chromic Cambisols,Tea/Miraa,Not Suitable,Highly Suitable,Moderately Suitable,Highly Suitable,Highly Suitable,Highly Suitable
361,Turkana,Rift Valley,1493.4,150.9,33.0,25.0,9.43,29.6,0.124,0.271,7.3,Excessively drained,Haplic Arenosols,Pastoralism,Not Suitable,Not Suitable,Not Suitable,Moderately Suitable,Not Suitable,Not Suitable
362,Kajiado,Rift Valley,990.6,551.1,28.0,18.0,8.96,43.8,0.717,0.809,2.7,Excessively drained,Calcic Cambisols,Livestock/Hort,Not Suitable,Moderately Suitable,Moderately Suitable,Highly Suitable,Not Suitable,Highly Suitable
363,Machakos,Eastern,1552.3,811.3,27.1,17.9,6.08,46.1,0.674,1.05,18.1,Moderately drained,Chromic Luvisols,Maize/Beans,Not Suitable,Highly Suitable,Highly Suitable,Highly Suitable,Moderately Suitable,Highly Suitable
364,Kilifi,Coast,390.8,1137.1,30.4,24.5,6.68,79.0,0.303,1.021,2.7,Moderately drained,Ferralic Arenosols,Cashew/Cassava,Not Suitable,Highly Suitable,Moderately Suitable,Highly Suitable,Moderately Suitable,Highly Suitable
365,Bomet,Rift Valley,1797.6,1524.9,23.4,14.7,5.42,77.5,1.76,3.41,5.9,Well drained,Humic Nitisols,Tea/Dairy,Highly Suitable,Highly Suitable,Highly Suitable,Moderately Suitable,Highly Suitable,Highly Suitable
366,Kirinyaga,Central,1463.2,1375.4,21.7,12.4,5.46,75.3,1.386,2.433,15.1,Well drained,Humic Andosols,Tea/Rice,Highly Suitable,Highly Suitable,Moderately Suitable,Moderately Suitable,Highly Suitable,Highly Suitable
367,Uasin Gishu,Rift Valley,1901.0,991.2,18.3,12.4,5.92,60.5,1.315,1.616,4.5,Well drained,Mollic Andosols,Wheat/Maize,Moderately Suitable,Highly Suitable,Highly Suitable,Moderately Suitable,Highly Suitable,Highly Suitable
368,Baringo,Rift Valley,2251.4,1099.4,32.5,13.0,8.16,54.4,0.994,1.114,12.0,Moderately drained,Eutric Vertisols,Maize/Livestock,Not Suitable,Moderately Suitable,Moderately Suitable,Moderately Suitable,Not Suitable,Moderately Suitable
369,Lamu,Coast,18.2,980.5,35.5,24.0,7.73,85.0,0.478,0.836,1.3,Poorly drained,Gleyic Cambisols,Coconut/Fishing,Not Suitable,Moderately Suitable,Not Suitable,Highly Suitable,Not Suitable,Moderately Suitable
370,Meru,Eastern,1471.5,1213.1,31.0,18.2,6.17,70.1,1.074,2.453,8.9,Moderately drained,Chromic Cambisols,Tea/Miraa,Moderately Suitable,Highly Suitable,Moderately Suitable,Highly Suitable,Highly Suitable,Highly Suitable
371,Wajir,North Eastern,237.7,110.8,40.7,23.8,9.08,42.2,0.221,0.306,0.1,Excessively drained,Haplic Arenosols,Pastoralism,Not Suitable,Not Suitable,Not Suitable,Not Suitable,Not Suitable,Not Suitable
372,Kiambu,Central,2165.3,1290.3,24.2,14.3,5.61,71.1,1.226,1.959,13.7,Moderately drained,Humic Nitisols,Tea/Horticulture,Highly Suitable,Highly Suitable,Highly Suitable,Moderately Suitable,Highly Suitable,Highly Suitable
373,Taita Taveta,Coast,1636.5,1043.5,29.1,21.3,7.43,53.3,0.822,0.73,10.2,Well drained,Chromic Cambisols,Horticulture/Sisal,Not Suitable,Highly Suitable,Moderately Suitable,Highly Suitable,Moderately Suitable,Highly Suitable
374,Nandi,Rift Valley,1826.1,1860.1,25.1,11.5,5.34,76.3,1.835,2.279,12.5,Well drained,Humic Nitisols,Tea/Maize,Highly Suitable,Highly Suitable,Moderately Suitable,Moderately Suitable,Highly Suitable,Highly Suitable
375,Nyeri,Central,1716.0,1517.6,24.0,10.6,5.36,76.3,2.107,2.213,9.3,Well drained,Humic Andosols,Tea/Coffee,Highly Suitable,Highly Suitable,Highly Suitable,Moderately Suitable,Highly Suitable,Highly Suitable
376,Bungoma,Western,1828.8,1418.0,23.5,16.5,6.01,69.6,1.344,1.673,9.4,Moderately drained,Ferric Luvisols,Sugarcane/Maize,Highly Suitable,Highly Suitable,Highly Suitable,Moderately Suitable,Highly Suitable,Highly Suitable
377,Trans Nzoia,Rift Valley,2451.5,1035.5,18.9,10.2,6.47,64.6,0.938,2.399,7.3,Well drained,Mollic Andosols,Wheat/Maize,Moderately Suitable,Highly Suitable,Highly Suitable,Moderately Suitable,Highly Suitable,Highly Suitable
378,Murang'a,Central,1715.1,1537.3,22.2,15.3,5.07,75.6,1.684,3.17,11.7,Moderately drained,Humic Nitisols,Tea/Smallholder,Highly Suitable,Highly Suitable,Highly Suitable,Moderately Suitable,Highly Suitable,Highly Suitable
379,Nyamira,Nyanza,1679.6,1540.4,22.3,12.1,5.58,71.8,1.683,1.712,13.9,Moderately drained,Humic Nitisols,Tea/Banana,Highly Suitable,Highly Suitable,Highly Suitable,Moderately Suitable,Highly Suitable,Highly Suitable
380,Kakamega,Western,1700.5,1602.7,24.2,15.4,5.86,79.7,1.775,2.043,6.7,Moderately drained,Ferric Luvisols,Tea/Sugarcane,Highly Suitable,Highly Suitable,Highly Suitable,Moderately Suitable,Highly Suitable,Highly Suitable
381,Baringo,Rift Valley,1694.7,703.6,22.9,19.2,7.98,48.2,0.866,1.314,9.4,Moderately drained,Eutric Vertisols,Maize/Livestock,Not Suitable,Highly Suitable,Highly Suitable,Highly Suitable,Moderately Suitable,Highly Suitable
382,Vihiga,Western,1873.8,1801.4,24.4,15.4,5.65,79.4,1.805,2.121,15.1,Moderately drained,Ferric Luvisols,Tea/Maize,Highly Suitable,Highly Suitable,Highly Suitable,Moderately Suitable,Highly Suitable,Highly Suitable
383,Mandera,North Eastern,280.0,183.0,40.5,26.5,9.08,39.0,0.225,0.396,1.6,Excessively drained,Haplic Arenosols,Pastoralism,Not Suitable,Not Suitable,Not Suitable,Not Suitable,Not Suitable,Not Suitable
384,Machakos,Eastern,1132.5,721.6,27.2,14.1,7.69,45.6,0.964,1.392,12.1,Moderately drained,Chromic Luvisols,Maize/Beans,Not Suitable,Highly Suitable,Moderately Suitable,Highly Suitable,Not Suitable,Highly Suitable
385,Meru,Eastern,1474.8,1435.2,25.6,18.8,5.89,63.6,0.932,2.558,8.1,Moderately drained,Chromic Cambisols,Tea/Miraa,Highly Suitable,Highly Suitable,Moderately Suitable,Highly Suitable,Highly Suitable,Highly Suitable
386,Meru,Eastern,1304.5,1455.7,31.3,14.6,5.64,65.7,1.303,1.349,22.2,Moderately drained,Chromic Cambisols,Tea/Miraa,Moderately Suitable,Highly Suitable,Moderately Suitable,Highly Suitable,Highly Suitable,Highly Suitable
387,Nyeri,Central,2293.8,1710.3,23.4,12.5,4.62,68.3,2.521,3.433,16.9,Well drained,Humic Andosols,Tea/Coffee,Highly Suitable,Moderately Suitable,Moderately Suitable,Not Suitable,Moderately Suitable,Moderately Suitable
388,Kirinyaga,Central,1869.5,1452.9,25.4,14.0,5.13,72.8,1.589,2.189,11.2,Well drained,Humic Andosols,Tea/Rice,Highly Suitable,Highly Suitable,Moderately Suitable,Moderately Suitable,Highly Suitable,Highly Suitable
389,Kiambu,Central,1845.7,1183.5,25.1,14.8,5.06,64.0,1.57,2.366,14.6,Moderately drained,Humic Nitisols,Tea/Horticulture,Highly Suitable,Highly Suitable,Highly Suitable,Highly Suitable,Highly Suitable,Highly Suitable
390,Samburu,Rift Valley,1450.7,650.5,36.4,23.6,8.73,30.0,0.352,0.691,8.6,Excessively drained,Chromic Luvisols,Pastoralism,Not Suitable,Moderately Suitable,Not Suitable,Highly Suitable,Not Suitable,Moderately Suitable
391,Vihiga,Western,1656.0,1878.5,23.0,14.4,5.72,74.0,1.259,1.995,10.0,Moderately drained,Ferric Luvisols,Tea/Maize,Highly Suitable,Highly Suitable,Highly Suitable,Moderately Suitable,Highly Suitable,Highly Suitable
392,Nyeri,Central,1862.5,1616.9,24.3,13.1,4.53,72.8,1.705,2.684,19.8,Well drained,Humic Andosols,Tea/Coffee,Highly Suitable,Highly Suitable,Moderately Suitable,Moderately Suitable,Highly Suitable,Moderately Suitable
393,Narok,Rift Valley,2117.2,662.3,28.2,11.9,7.41,53.5,0.566,1.773,3.6,Well drained,Mollic Vertisols,Wheat/Livestock,Not Suitable,Highly Suitable,Highly Suitable,Highly Suitable,Not Suitable,Highly Suitable
394,Embu,Eastern,1814.2,1075.7,24.8,16.2,5.69,69.8,1.367,2.14,4.5,Moderately drained,Chromic Cambisols,Coffee/Tea,Highly Suitable,Highly Suitable,Highly Suitable,Moderately Suitable,Highly Suitable,Highly Suitable
395,Nyamira,Nyanza,1741.9,1336.6,25.5,13.3,4.77,74.1,1.393,2.142,6.0,Moderately drained,Humic Nitisols,Tea/Banana,Highly Suitable,Highly Suitable,Moderately Suitable,Moderately Suitable,Highly Suitable,Highly Suitable
396,Nyeri,Central,2033.4,1383.6,19.6,12.7,4.89,70.0,2.092,2.328,13.7,Well drained,Humic Andosols,Tea/Coffee,Highly Suitable,Moderately Suitable,Moderately Suitable,Not Suitable,Highly Suitable,Highly Suitable
397,Samburu,Rift Valley,933.0,643.7,35.5,21.0,7.09,39.2,0.424,0.312,10.1,Excessively drained,Chromic Luvisols,Pastoralism,Not Suitable,Moderately Suitable,Moderately Suitable,Highly Suitable,Not Suitable,Moderately Suitable
398,Taita Taveta,Coast,1366.4,1159.1,32.4,15.0,5.77,63.8,0.926,1.046,22.8,Well drained,Chromic Cambisols,Horticulture/Sisal,Not Suitable,Highly Suitable,Moderately Suitable,Highly Suitable,Highly Suitable,Highly Suitable
399,Kakamega,Western,1538.9,2043.0,23.9,16.7,5.95,78.6,1.956,1.578,5.4,Moderately drained,Ferric Luvisols,Tea/Sugarcane,Highly Suitable,Highly Suitable,Highly Suitable,Moderately Suitable,Highly Suitable,Highly Suitable
400,Embu,Eastern,1468.7,1336.9,28.1,16.8,5.66,67.4,1.223,2.742,6.0,Moderately drained,Chromic Cambisols,Coffee/Tea,Moderately Suitable,Highly Suitable,Moderately Suitable,Highly Suitable,Highly Suitable,Highly Suitable
401,Kiambu,Central,1776.6,1013.2,24.5,14.2,5.26,73.6,1.728,2.439,9.4,Moderately drained,Humic Nitisols,Tea/Horticulture,Highly Suitable,Highly Suitable,Highly Suitable,Moderately Suitable,Highly Suitable,Highly Suitable
402,Meru,Eastern,1080.9,1075.7,26.2,15.4,5.23,68.2,1.767,1.404,18.3,Moderately drained,Chromic Cambisols,Tea/Miraa,Moderately Suitable,Highly Suitable,Moderately Suitable,Highly Suitable,Highly Suitable,Highly Suitable
403,Bomet,Rift Valley,1835.5,1537.1,24.9,15.0,5.14,77.0,2.136,3.363,3.6,Well drained,Humic Nitisols,Tea/Dairy,Highly Suitable,Highly Suitable,Moderately Suitable,Moderately Suitable,Highly Suitable,Highly Suitable
404,Meru,Eastern,1621.6,1360.1,31.9,18.5,5.66,66.3,1.461,1.141,15.9,Moderately drained,Chromic Cambisols,Tea/Miraa,Moderately Suitable,Highly Suitable,Moderately Suitable,Highly Suitable,Highly Suitable,Highly Suitable
405,Kilifi,Coast,462.3,771.3,28.8,23.0,6.93,68.6,0.593,0.887,0.3,Moderately drained,Ferralic Arenosols,Cashew/Cassava,Not Suitable,Highly Suitable,Moderately Suitable,Highly Suitable,Not Suitable,Highly Suitable
406,Trans Nzoia,Rift Valley,1944.7,1303.1,19.9,11.7,6.12,66.9,1.483,2.706,7.1,Well drained,Mollic Andosols,Wheat/Maize,Highly Suitable,Highly Suitable,Highly Suitable,Moderately Suitable,Highly Suitable,Highly Suitable
407,West Pokot,Rift Valley,1779.8,1132.1,26.6,16.7,5.97,52.4,1.196,0.988,29.4,Moderately drained,Chromic Luvisols,Sorghum/Livestock,Moderately Suitable,Highly Suitable,Highly Suitable,Highly Suitable,Highly Suitable,Highly Suitable
408,Laikipia,Central,2154.9,695.7,30.0,11.5,7.59,53.2,0.822,0.661,2.4,Well drained,Chromic Luvisols,Livestock/Wheat,Not Suitable,Moderately Suitable,Moderately Suitable,Highly Suitable,Not Suitable,Moderately Suitable
409,Homa Bay,Nyanza,1383.2,989.7,28.9,20.2,5.56,63.8,0.601,1.216,7.6,Moderately drained,Chromic Luvisols,Maize/Sorghum,Moderately Suitable,Highly Suitable,Highly Suitable,Highly Suitable,Highly Suitable,Highly Suitable
410,Migori,Nyanza,1264.8,1149.9,26.0,17.1,5.77,71.4,1.326,1.809,4.0,Moderately drained,Ferric Luvisols,Maize/Tea(marginal),Moderately Suitable,Highly Suitable,Highly Suitable,Highly Suitable,Highly Suitable,Highly Suitable
411,Kajiado,Rift Valley,1840.5,365.0,31.3,14.7,6.96,41.3,0.307,1.112,5.4,Excessively drained,Calcic Cambisols,Livestock/Hort,Not Suitable,Moderately Suitable,Moderately Suitable,Highly Suitable,Not Suitable,Moderately Suitable
412,Siaya,Nyanza,1155.7,956.3,26.0,18.5,5.59,72.9,0.751,1.046,2.3,Poorly drained,Eutric Vertisols,Maize/Sorghum,Moderately Suitable,Highly Suitable,Moderately Suitable,Highly Suitable,Moderately Suitable,Highly Suitable
413,Laikipia,Central,2141.6,554.7,25.3,15.3,7.05,46.6,0.855,1.145,5.0,Well drained,Chromic Luvisols,Livestock/Wheat,Not Suitable,Moderately Suitable,Highly Suitable,Highly Suitable,Not Suitable,Highly Suitable
414,Makueni,Eastern,999.5,731.9,26.7,19.1,8.38,56.0,0.761,1.183,2.2,Moderately drained,Chromic Luvisols,Sorghum/Mango,Not Suitable,Highly Suitable,Moderately Suitable,Highly Suitable,Not Suitable,Highly Suitable
415,Trans Nzoia,Rift Valley,2266.2,1371.2,19.7,9.5,6.11,68.1,1.378,1.973,1.9,Well drained,Mollic Andosols,Wheat/Maize,Highly Suitable,Highly Suitable,Highly Suitable,Moderately Suitable,Highly Suitable,Highly Suitable
416,Kitui,Eastern,626.5,768.8,30.9,23.6,6.86,50.9,0.391,0.97,7.9,Moderately drained,Ferralic Cambisols,Sorghum/Cotton,Not Suitable,Highly Suitable,Moderately Suitable,Highly Suitable,Not Suitable,Highly Suitable
417,West Pokot,Rift Valley,2152.7,996.7,24.5,16.2,6.25,58.9,0.863,1.241,18.1,Moderately drained,Chromic Luvisols,Sorghum/Livestock,Moderately Suitable,Highly Suitable,Highly Suitable,Moderately Suitable,Highly Suitable,Highly Suitable
418,Kwale,Coast,339.9,1109.7,31.8,24.4,6.15,77.4,0.837,0.575,1.7,Moderately drained,Ferralic Arenosols,Cashew/Coconut,Not Suitable,Highly Suitable,Moderately Suitable,Highly Suitable,Moderately Suitable,Highly Suitable
419,Trans Nzoia,Rift Valley,1861.4,920.3,21.0,11.2,6.14,65.9,1.191,1.536,3.3,Well drained,Mollic Andosols,Wheat/Maize,Highly Suitable,Highly Suitable,Highly Suitable,Moderately Suitable,Highly Suitable,Highly Suitable
420,Embu,Eastern,1208.4,1469.9,27.0,14.2,5.66,67.7,1.311,2.642,16.5,Moderately drained,Chromic Cambisols,Coffee/Tea,Moderately Suitable,Highly Suitable,Moderately Suitable,Highly Suitable,Highly Suitable,Highly Suitable
421,Nakuru,Rift Valley,2201.0,1031.4,20.9,15.7,6.27,64.4,0.812,1.92,11.4,Well drained,Eutric Vertisols,Wheat/Pyrethrum,Moderately Suitable,Highly Suitable,Highly Suitable,Moderately Suitable,Highly Suitable,Highly Suitable
422,Meru,Eastern,1568.7,1090.2,29.5,18.6,6.06,60.1,1.676,1.97,10.6,Moderately drained,Chromic Cambisols,Tea/Miraa,Moderately Suitable,Highly Suitable,Highly Suitable,Highly Suitable,Highly Suitable,Highly Suitable
423,Bomet,Rift Valley,1948.9,1665.8,25.4,14.7,5.3,77.5,1.666,2.002,6.0,Well drained,Humic Nitisols,Tea/Dairy,Highly Suitable,Highly Suitable,Moderately Suitable,Moderately Suitable,Highly Suitable,Highly Suitable
424,Nakuru,Rift Valley,1956.5,741.4,23.6,10.8,7.95,59.6,0.854,1.72,8.5,Well drained,Eutric Vertisols,Wheat/Pyrethrum,Moderately Suitable,Highly Suitable,Highly Suitable,Highly Suitable,Moderately Suitable,Highly Suitable
425,Elgeyo Marakwet,Rift Valley,2772.6,1119.7,21.0,12.5,5.24,63.2,1.282,1.434,17.2,Well drained,Eutric Vertisols,Maize/Wheat,Moderately Suitable,Highly Suitable,Highly Suitable,Moderately Suitable,Highly Suitable,Highly Suitable
426,Lamu,Coast,73.4,732.8,30.2,23.5,8.06,83.0,0.334,0.787,2.1,Poorly drained,Gleyic Cambisols,Coconut/Fishing,Not Suitable,Moderately Suitable,Not Suitable,Highly Suitable,Not Suitable,Moderately Suitable
427,Nyamira,Nyanza,1778.2,1592.0,22.7,14.5,4.8,71.3,1.575,1.807,17.8,Moderately drained,Humic Nitisols,Tea/Banana,Highly Suitable,Highly Suitable,Moderately Suitable,Moderately Suitable,Highly Suitable,Highly Suitable
428,Kericho,Rift Valley,2128.2,1904.2,21.5,11.4,4.93,72.3,2.386,4.38,7.8,Well drained,Humic Nitisols,Tea/Forest,Highly Suitable,Moderately Suitable,Moderately Suitable,Not Suitable,Moderately Suitable,Moderately Suitable
429,Kericho,Rift Valley,2104.7,1945.5,25.2,15.6,4.87,77.0,2.598,3.8,9.0,Well drained,Humic Nitisols,Tea/Forest,Highly Suitable,Moderately Suitable,Moderately Suitable,Not Suitable,Moderately Suitable,Moderately Suitable
430,Kakamega,Western,1677.7,1792.6,25.2,14.9,5.12,76.0,1.757,2.907,9.0,Moderately drained,Ferric Luvisols,Tea/Sugarcane,Highly Suitable,Highly Suitable,Moderately Suitable,Moderately Suitable,Highly Suitable,Highly Suitable
431,Baringo,Rift Valley,1918.4,1080.2,27.2,15.3,7.92,58.4,0.443,1.66,2.6,Moderately drained,Eutric Vertisols,Maize/Livestock,Moderately Suitable,Highly Suitable,Moderately Suitable,Highly Suitable,Moderately Suitable,Highly Suitable
432,Tana River,Coast,187.1,366.5,34.7,23.6,8.05,65.3,0.57,0.529,2.9,Poorly drained,Eutric Vertisols,Irrigation/Livestock,Not Suitable,Not Suitable,Not Suitable,Moderately Suitable,Not Suitable,Moderately Suitable
433,Nyeri,Central,1977.8,1615.7,21.3,11.1,5.52,72.1,2.494,2.66,8.2,Well drained,Humic Andosols,Tea/Coffee,Highly Suitable,Highly Suitable,Highly Suitable,Moderately Suitable,Highly Suitable,Highly Suitable
434,Kiambu,Central,1998.2,1478.7,24.4,13.0,5.54,69.1,1.058,2.309,14.8,Moderately drained,Humic Nitisols,Tea/Horticulture,Highly Suitable,Highly Suitable,Highly Suitable,Moderately Suitable,Highly Suitable,Highly Suitable
435,Isiolo,Eastern,1499.5,597.3,36.9,22.6,7.2,35.7,0.201,0.382,2.0,Excessively drained,Chromic Luvisols,Livestock,Not Suitable,Moderately Suitable,Moderately Suitable,Highly Suitable,Not Suitable,Moderately Suitable
436,Baringo,Rift Valley,1892.0,1035.2,26.9,13.7,7.65,65.0,0.849,1.629,11.7,Moderately drained,Eutric Vertisols,Maize/Livestock,Moderately Suitable,Highly Suitable,Moderately Suitable,Highly Suitable,Moderately Suitable,Highly Suitable
437,Makueni,Eastern,1031.5,466.5,30.1,18.7,6.93,49.0,0.698,0.872,3.6,Moderately drained,Chromic Luvisols,Sorghum/Mango,Not Suitable,Moderately Suitable,Moderately Suitable,Highly Suitable,Not Suitable,Highly Suitable
438,Baringo,Rift Valley,1377.0,942.6,27.5,15.6,7.36,61.4,0.564,0.658,12.0,Moderately drained,Eutric Vertisols,Maize/Livestock,Not Suitable,Highly Suitable,Moderately Suitable,Highly Suitable,Moderately Suitable,Highly Suitable
439,Nairobi,Nairobi,1845.5,777.3,28.4,12.7,6.18,68.1,0.735,1.372,1.9,Moderately drained,Chromic Luvisols,Urban/Horticulture,Moderately Suitable,Highly Suitable,Highly Suitable,Highly Suitable,Moderately Suitable,Highly Suitable
440,Kisii,Nyanza,1737.8,1702.8,27.5,16.5,4.77,77.8,1.515,3.181,12.2,Moderately drained,Humic Nitisols,Tea/Smallholder,Highly Suitable,Highly Suitable,Moderately Suitable,Moderately Suitable,Highly Suitable,Moderately Suitable
441,Kericho,Rift Valley,1957.1,1846.9,21.2,14.0,4.65,72.7,2.749,4.431,10.1,Well drained,Humic Nitisols,Tea/Forest,Highly Suitable,Moderately Suitable,Moderately Suitable,Moderately Suitable,Highly Suitable,Moderately Suitable
442,Nandi,Rift Valley,1767.6,1479.5,24.5,14.5,5.19,78.1,2.159,3.385,13.2,Well drained,Humic Nitisols,Tea/Maize,Highly Suitable,Highly Suitable,Moderately Suitable,Moderately Suitable,Highly Suitable,Highly Suitable
443,Vihiga,Western,1684.5,1846.9,27.9,16.0,5.05,76.7,1.428,2.059,5.6,Moderately drained,Ferric Luvisols,Tea/Maize,Highly Suitable,Highly Suitable,Moderately Suitable,Moderately Suitable,Highly Suitable,Highly Suitable
444,Turkana,Rift Valley,1338.2,275.1,40.2,27.5,9.18,23.0,0.194,0.219,2.5,Excessively drained,Haplic Arenosols,Pastoralism,Not Suitable,Not Suitable,Not Suitable,Not Suitable,Not Suitable,Not Suitable
445,Narok,Rift Valley,2319.1,1018.4,20.5,10.8,6.68,57.7,1.103,0.786,1.7,Well drained,Mollic Vertisols,Wheat/Livestock,Moderately Suitable,Highly Suitable,Highly Suitable,Moderately Suitable,Moderately Suitable,Highly Suitable
446,Kilifi,Coast,456.8,939.5,33.6,23.6,7.62,70.8,0.451,1.036,4.0,Moderately drained,Ferralic Arenosols,Cashew/Cassava,Not Suitable,Moderately Suitable,Not Suitable,Highly Suitable,Not Suitable,Moderately Suitable
447,Uasin Gishu,Rift Valley,2263.6,1206.0,19.3,9.6,5.7,65.9,0.828,1.977,7.1,Well drained,Mollic Andosols,Wheat/Maize,Highly Suitable,Highly Suitable,Highly Suitable,Moderately Suitable,Highly Suitable,Highly Suitable
448,Makueni,Eastern,626.6,569.0,33.6,17.2,7.01,50.7,0.712,0.483,17.1,Moderately drained,Chromic Luvisols,Sorghum/Mango,Not Suitable,Moderately Suitable,Moderately Suitable,Highly Suitable,Not Suitable,Moderately Suitable
449,Kirinyaga,Central,1426.9,1624.0,21.4,13.2,4.63,72.3,1.523,3.326,14.7,Well drained,Humic Andosols,Tea/Rice,Highly Suitable,Highly Suitable,Moderately Suitable,Moderately Suitable,Highly Suitable,Moderately Suitable
450,Embu,Eastern,1663.9,1146.0,22.9,14.0,6.2,62.7,1.463,1.516,6.2,Moderately drained,Chromic Cambisols,Coffee/Tea,Highly Suitable,Highly Suitable,Highly Suitable,Highly Suitable,Highly Suitable,Highly Suitable
451,Kisii,Nyanza,1837.7,1564.6,27.3,16.4,5.54,71.5,1.721,3.107,15.2,Moderately drained,Humic Nitisols,Tea/Smallholder,Highly Suitable,Highly Suitable,Highly Suitable,Highly Suitable,Highly Suitable,Highly Suitable
452,Kiambu,Central,2010.2,1024.3,24.4,12.1,5.62,69.9,1.095,1.876,7.8,Moderately drained,Humic Nitisols,Tea/Horticulture,Highly Suitable,Highly Suitable,Highly Suitable,Moderately Suitable,Highly Suitable,Highly Suitable
453,Bomet,Rift Valley,2017.5,1681.2,22.1,12.9,5.39,77.3,1.778,2.091,3.4,Well drained,Humic Nitisols,Tea/Dairy,Highly Suitable,Highly Suitable,Highly Suitable,Not Suitable,Highly Suitable,Highly Suitable
454,Bomet,Rift Valley,1625.3,1424.7,26.1,15.2,4.9,70.3,2.136,3.675,4.0,Well drained,Humic Nitisols,Tea/Dairy,Highly Suitable,Highly Suitable,Moderately Suitable,Moderately Suitable,Highly Suitable,Highly Suitable
455,Kisumu,Nyanza,1521.1,1000.4,25.3,19.3,5.84,73.4,1.115,0.877,1.7,Poorly drained,Eutric Vertisols,Maize/Rice,Highly Suitable,Highly Suitable,Highly Suitable,Highly Suitable,Highly Suitable,Highly Suitable
456,Kiambu,Central,2162.5,1455.1,24.1,15.1,5.57,68.0,1.164,2.268,5.2,Moderately drained,Humic Nitisols,Tea/Horticulture,Highly Suitable,Highly Suitable,Highly Suitable,Moderately Suitable,Highly Suitable,Highly Suitable
457,Uasin Gishu,Rift Valley,2427.1,977.3,22.0,12.5,5.8,69.6,1.117,2.429,5.7,Well drained,Mollic Andosols,Wheat/Maize,Highly Suitable,Highly Suitable,Highly Suitable,Moderately Suitable,Highly Suitable,Highly Suitable
458,Machakos,Eastern,1749.0,538.5,31.2,14.8,6.18,48.5,0.976,1.193,16.6,Moderately drained,Chromic Luvisols,Maize/Beans,Not Suitable,Highly Suitable,Highly Suitable,Highly Suitable,Moderately Suitable,Highly Suitable
459,Kericho,Rift Valley,2031.3,1693.9,23.3,13.7,4.61,81.7,2.575,4.379,10.9,Well drained,Humic Nitisols,Tea/Forest,Highly Suitable,Moderately Suitable,Moderately Suitable,Not Suitable,Highly Suitable,Moderately Suitable
460,Nandi,Rift Valley,1624.7,1425.7,22.0,13.3,4.96,78.9,2.317,2.684,6.1,Well drained,Humic Nitisols,Tea/Maize,Highly Suitable,Highly Suitable,Moderately Suitable,Not Suitable,Highly Suitable,Highly Suitable
461,Bomet,Rift Valley,1779.6,1594.1,25.9,13.9,4.95,71.6,2.125,2.591,5.3,Well drained,Humic Nitisols,Tea/Dairy,Highly Suitable,Highly Suitable,Moderately Suitable,Moderately Suitable,Highly Suitable,Highly Suitable
462,Turkana,Rift Valley,716.7,80.0,37.4,27.5,7.5,35.5,0.2,0.362,0.7,Excessively drained,Haplic Arenosols,Pastoralism,Not Suitable,Not Suitable,Not Suitable,Moderately Suitable,Not Suitable,Not Suitable
463,Uasin Gishu,Rift Valley,1984.5,982.3,23.5,8.1,6.69,66.7,1.385,2.467,7.8,Well drained,Mollic Andosols,Wheat/Maize,Moderately Suitable,Highly Suitable,Highly Suitable,Moderately Suitable,Highly Suitable,Highly Suitable
464,Embu,Eastern,1612.1,1579.6,25.1,13.9,5.94,64.0,1.308,1.886,10.0,Moderately drained,Chromic Cambisols,Coffee/Tea,Highly Suitable,Highly Suitable,Highly Suitable,Highly Suitable,Highly Suitable,Highly Suitable
465,Kitui,Eastern,1154.6,501.7,32.1,16.7,8.87,52.3,0.594,0.793,12.6,Moderately drained,Ferralic Cambisols,Sorghum/Cotton,Not Suitable,Moderately Suitable,Not Suitable,Highly Suitable,Not Suitable,Moderately Suitable
466,Bomet,Rift Valley,1773.8,1196.5,21.2,14.8,5.08,70.3,1.953,2.455,9.4,Well drained,Humic Nitisols,Tea/Dairy,Highly Suitable,Highly Suitable,Highly Suitable,Moderately Suitable,Highly Suitable,Highly Suitable
467,Kilifi,Coast,490.2,936.1,27.8,21.8,6.87,74.8,0.338,1.438,2.9,Moderately drained,Ferralic Arenosols,Cashew/Cassava,Not Suitable,Highly Suitable,Moderately Suitable,Highly Suitable,Moderately Suitable,Highly Suitable
468,Elgeyo Marakwet,Rift Valley,2559.0,1353.9,21.3,13.7,5.83,60.9,1.494,2.039,18.4,Well drained,Eutric Vertisols,Maize/Wheat,Highly Suitable,Highly Suitable,Highly Suitable,Moderately Suitable,Highly Suitable,Highly Suitable
469,Baringo,Rift Valley,2390.7,921.5,33.4,18.7,8.31,63.7,0.675,0.827,8.7,Moderately drained,Eutric Vertisols,Maize/Livestock,Not Suitable,Moderately Suitable,Moderately Suitable,Moderately Suitable,Not Suitable,Moderately Suitable
470,Wajir,North Eastern,457.9,157.6,35.0,23.8,8.58,29.9,0.154,0.151,2.2,Excessively drained,Haplic Arenosols,Pastoralism,Not Suitable,Not Suitable,Not Suitable,Moderately Suitable,Not Suitable,Not Suitable
471,Isiolo,Eastern,1403.5,668.9,34.5,21.4,7.02,54.6,0.551,0.737,6.9,Excessively drained,Chromic Luvisols,Livestock,Not Suitable,Moderately Suitable,Moderately Suitable,Highly Suitable,Not Suitable,Highly Suitable
472,Kakamega,Western,1445.9,2015.0,27.4,14.3,5.68,78.4,1.357,2.187,5.9,Moderately drained,Ferric Luvisols,Tea/Sugarcane,Moderately Suitable,Highly Suitable,Moderately Suitable,Highly Suitable,Highly Suitable,Highly Suitable
473,Nyandarua,Central,2481.4,793.1,20.8,11.9,5.55,62.2,1.17,2.805,10.0,Well drained,Humic Andosols,Wheat/Pyrethrum,Moderately Suitable,Highly Suitable,Highly Suitable,Highly Suitable,Moderately Suitable,Highly Suitable
474,Uasin Gishu,Rift Valley,2382.7,1271.2,18.8,11.5,6.58,69.8,1.49,2.093,2.7,Well drained,Mollic Andosols,Wheat/Maize,Highly Suitable,Highly Suitable,Highly Suitable,Moderately Suitable,Highly Suitable,Highly Suitable
475,Kajiado,Rift Valley,644.5,413.2,24.6,18.5,8.45,50.1,0.63,0.902,6.2,Excessively drained,Calcic Cambisols,Livestock/Hort,Not Suitable,Moderately Suitable,Not Suitable,Highly Suitable,Not Suitable,Highly Suitable
476,Tharaka Nithi,Eastern,1252.8,864.7,32.3,16.8,5.66,65.9,0.73,1.384,10.6,Moderately drained,Chromic Cambisols,Mango/Miraa,Not Suitable,Highly Suitable,Highly Suitable,Highly Suitable,Moderately Suitable,Highly Suitable
477,Nandi,Rift Valley,2038.1,1640.4,25.0,11.7,4.75,70.4,1.669,2.557,5.1,Well drained,Humic Nitisols,Tea/Maize,Highly Suitable,Moderately Suitable,Moderately Suitable,Moderately Suitable,Highly Suitable,Moderately Suitable
478,Wajir,North Eastern,431.0,229.3,39.5,25.9,7.76,47.2,0.264,0.161,0.6,Excessively drained,Haplic Arenosols,Pastoralism,Not Suitable,Not Suitable,Not Suitable,Moderately Suitable,Not Suitable,Not Suitable
479,Nandi,Rift Valley,1553.2,1457.0,23.8,11.8,4.91,75.0,2.19,2.079,12.6,Well drained,Humic Nitisols,Tea/Maize,Highly Suitable,Highly Suitable,Moderately Suitable,Moderately Suitable,Highly Suitable,Highly Suitable
480,Nakuru,Rift Valley,1821.8,1007.8,22.3,13.5,7.24,59.1,1.269,1.118,7.8,Well drained,Eutric Vertisols,Wheat/Pyrethrum,Moderately Suitable,Highly Suitable,Highly Suitable,Highly Suitable,Highly Suitable,Highly Suitable
481,Murang'a,Central,1870.3,1434.8,21.8,16.0,4.83,73.2,1.402,3.429,9.2,Moderately drained,Humic Nitisols,Tea/Smallholder,Highly Suitable,Highly Suitable,Moderately Suitable,Moderately Suitable,Highly Suitable,Highly Suitable
482,Kericho,Rift Valley,1814.4,1593.0,22.3,11.8,5.17,80.1,2.433,4.243,10.0,Well drained,Humic Nitisols,Tea/Forest,Highly Suitable,Highly Suitable,Moderately Suitable,Moderately Suitable,Highly Suitable,Highly Suitable
483,Uasin Gishu,Rift Valley,2227.3,1180.7,22.0,8.6,6.74,61.3,1.247,1.643,8.0,Well drained,Mollic Andosols,Wheat/Maize,Moderately Suitable,Highly Suitable,Highly Suitable,Moderately Suitable,Highly Suitable,Highly Suitable
484,Nakuru,Rift Valley,1716.3,760.4,23.9,15.3,7.04,66.9,0.987,1.389,3.6,Well drained,Eutric Vertisols,Wheat/Pyrethrum,Moderately Suitable,Highly Suitable,Highly Suitable,Highly Suitable,Moderately Suitable,Highly Suitable
485,Kiambu,Central,1916.6,1013.1,24.5,15.9,5.7,70.1,1.249,2.506,12.3,Moderately drained,Humic Nitisols,Tea/Horticulture,Highly Suitable,Highly Suitable,Highly Suitable,Moderately Suitable,Highly Suitable,Highly Suitable
486,Nyamira,Nyanza,1781.1,1574.7,23.4,14.7,5.22,74.0,1.592,2.34,9.3,Moderately drained,Humic Nitisols,Tea/Banana,Highly Suitable,Highly Suitable,Highly Suitable,Moderately Suitable,Highly Suitable,Highly Suitable
487,Bungoma,Western,1471.3,1773.2,25.1,13.4,5.9,68.6,1.088,1.585,6.6,Moderately drained,Ferric Luvisols,Sugarcane/Maize,Highly Suitable,Highly Suitable,Moderately Suitable,Highly Suitable,Highly Suitable,Highly Suitable
488,Kitui,Eastern,531.2,787.9,34.0,18.1,8.31,42.3,0.22,0.441,5.2,Moderately drained,Ferralic Cambisols,Sorghum/Cotton,Not Suitable,Moderately Suitable,Not Suitable,Highly Suitable,Not Suitable,Moderately Suitable
489,Siaya,Nyanza,1105.6,1394.1,30.2,18.1,5.83,65.4,0.933,1.945,2.7,Poorly drained,Eutric Vertisols,Maize/Sorghum,Moderately Suitable,Highly Suitable,Moderately Suitable,Highly Suitable,Highly Suitable,Highly Suitable
490,Laikipia,Central,1553.6,589.8,26.9,11.2,7.56,54.3,0.57,1.454,6.9,Well drained,Chromic Luvisols,Livestock/Wheat,Not Suitable,Moderately Suitable,Highly Suitable,Highly Suitable,Not Suitable,Highly Suitable
491,Tana River,Coast,232.5,617.6,32.2,22.3,8.81,56.5,0.299,0.617,2.0,Poorly drained,Eutric Vertisols,Irrigation/Livestock,Not Suitable,Moderately Suitable,Not Suitable,Highly Suitable,Not Suitable,Moderately Suitable
492,Vihiga,Western,1510.9,1716.5,24.1,13.3,5.31,70.1,1.168,2.531,15.0,Moderately drained,Ferric Luvisols,Tea/Maize,Highly Suitable,Highly Suitable,Moderately Suitable,Moderately Suitable,Highly Suitable,Highly Suitable
493,Migori,Nyanza,1659.6,1145.9,25.1,14.4,5.92,63.5,0.797,1.36,4.8,Moderately drained,Ferric Luvisols,Maize/Tea(marginal),Moderately Suitable,Highly Suitable,Highly Suitable,Highly Suitable,Highly Suitable,Highly Suitable
494,Uasin Gishu,Rift Valley,2414.0,1033.1,21.3,9.0,5.67,68.9,1.374,2.188,1.3,Well drained,Mollic Andosols,Wheat/Maize,Highly Suitable,Highly Suitable,Highly Suitable,Moderately Suitable,Highly Suitable,Highly Suitable
495,Siaya,Nyanza,1392.7,1211.7,26.7,17.3,5.63,71.6,0.77,1.67,1.5,Poorly drained,Eutric Vertisols,Maize/Sorghum,Moderately Suitable,Highly Suitable,Moderately Suitable,Highly Suitable,Highly Suitable,Highly Suitable
496,Samburu,Rift Valley,1618.3,474.8,33.8,19.0,7.95,33.8,0.311,0.295,5.5,Excessively drained,Chromic Luvisols,Pastoralism,Not Suitable,Not Suitable,Moderately Suitable,Highly Suitable,Not Suitable,Moderately Suitable
497,Marsabit,Eastern,617.8,291.0,27.5,17.0,8.74,47.9,0.353,0.553,11.1,Excessively drained,Chromic Cambisols,Livestock,Not Suitable,Moderately Suitable,Not Suitable,Moderately Suitable,Not Suitable,Moderately Suitable
498,Kisumu,Nyanza,1200.8,1078.6,28.7,16.3,6.94,61.9,1.018,1.306,1.2,Poorly drained,Eutric Vertisols,Maize/Rice,Not Suitable,Highly Suitable,Highly Suitable,Highly Suitable,Highly Suitable,Highly Suitable
499,Homa Bay,Nyanza,1513.1,1230.1,31.7,17.4,6.91,70.7,0.817,1.534,1.9,Moderately drained,Chromic Luvisols,Maize/Sorghum,Moderately Suitable,Highly Suitable,Highly Suitable,Highly Suitable,Highly Suitable,Highly Suitable
500,Migori,Nyanza,1184.2,1497.6,28.0,14.8,5.94,66.1,0.825,2.031,6.0,Moderately drained,Ferric Luvisols,Maize/Tea(marginal),Moderately Suitable,Highly Suitable,Moderately Suitable,Highly Suitable,Highly Suitable,Highly Suitable
501,Marsabit,Eastern,692.3,258.6,35.5,17.3,7.48,33.6,0.561,0.7,8.7,Excessively drained,Chromic Cambisols,Livestock,Not Suitable,Not Suitable,Not Suitable,Highly Suitable,Not Suitable,Moderately Suitable
502,Turkana,Rift Valley,493.1,243.3,34.1,24.2,7.56,29.3,0.235,0.245,7.8,Excessively drained,Haplic Arenosols,Pastoralism,Not Suitable,Not Suitable,Not Suitable,Moderately Suitable,Not Suitable,Not Suitable
503,Kiambu,Central,1938.4,1246.3,24.1,16.0,6.09,69.5,1.456,2.307,5.4,Moderately drained,Humic Nitisols,Tea/Horticulture,Highly Suitable,Highly Suitable,Highly Suitable,Moderately Suitable,Highly Suitable,Highly Suitable
504,Narok,Rift Valley,2309.1,1094.9,21.5,8.3,7.5,52.3,1.081,1.474,9.5,Well drained,Mollic Vertisols,Wheat/Livestock,Moderately Suitable,Highly Suitable,Highly Suitable,Moderately Suitable,Moderately Suitable,Highly Suitable
505,Vihiga,Western,1857.6,1797.9,26.5,13.2,5.76,78.5,1.739,2.112,8.0,Moderately drained,Ferric Luvisols,Tea/Maize,Highly Suitable,Highly Suitable,Highly Suitable,Moderately Suitable,Highly Suitable,Highly Suitable
506,Meru,Eastern,1213.5,1475.5,25.7,17.0,5.77,58.3,1.593,1.124,14.5,Moderately drained,Chromic Cambisols,Tea/Miraa,Moderately Suitable,Highly Suitable,Moderately Suitable,Highly Suitable,Highly Suitable,Highly Suitable
507,Kakamega,Western,1611.0,1944.6,28.3,14.3,5.7,74.9,1.901,2.729,6.3,Moderately drained,Ferric Luvisols,Tea/Sugarcane,Highly Suitable,Highly Suitable,Moderately Suitable,Highly Suitable,Highly Suitable,Highly Suitable
508,Kisumu,Nyanza,1527.7,913.2,31.2,17.8,6.46,62.3,0.64,1.016,1.9,Poorly drained,Eutric Vertisols,Maize/Rice,Not Suitable,Highly Suitable,Highly Suitable,Highly Suitable,Moderately Suitable,Highly Suitable
509,Nyamira,Nyanza,1876.6,1680.2,27.1,14.1,4.86,68.5,1.781,1.77,8.9,Moderately drained,Humic Nitisols,Tea/Banana,Highly Suitable,Highly Suitable,Moderately Suitable,Moderately Suitable,Highly Suitable,Moderately Suitable
510,Kericho,Rift Valley,1916.0,1698.8,24.4,11.7,4.67,75.7,2.256,4.07,4.0,Well drained,Humic Nitisols,Tea/Forest,Highly Suitable,Highly Suitable,Moderately Suitable,Not Suitable,Highly Suitable,Moderately Suitable
511,Kericho,Rift Valley,1998.9,1906.8,21.8,12.0,4.55,75.3,2.189,3.043,10.3,Well drained,Humic Nitisols,Tea/Forest,Highly Suitable,Moderately Suitable,Moderately Suitable,Not Suitable,Highly Suitable,Moderately Suitable
512,Kirinyaga,Central,1896.4,1521.0,20.6,11.8,5.49,73.2,2.108,3.09,11.2,Well drained,Humic Andosols,Tea/Rice,Highly Suitable,Highly Suitable,Highly Suitable,Moderately Suitable,Highly Suitable,Highly Suitable
513,Kiambu,Central,1633.1,1354.8,26.6,15.8,6.18,68.3,1.782,2.485,4.9,Moderately drained,Humic Nitisols,Tea/Horticulture,Highly Suitable,Highly Suitable,Highly Suitable,Highly Suitable,Highly Suitable,Highly Suitable
514,Nyandarua,Central,2860.9,1267.5,16.5,11.1,5.68,65.6,1.87,2.364,12.5,Well drained,Humic Andosols,Wheat/Pyrethrum,Moderately Suitable,Moderately Suitable,Highly Suitable,Moderately Suitable,Highly Suitable,Moderately Suitable
515,Tharaka Nithi,Eastern,978.0,860.6,23.1,19.2,6.37,63.6,0.899,1.093,8.9,Moderately drained,Chromic Cambisols,Mango/Miraa,Not Suitable,Highly Suitable,Highly Suitable,Highly Suitable,Moderately Suitable,Highly Suitable
516,Murang'a,Central,1883.0,1287.7,26.5,15.0,4.93,65.6,1.534,3.134,13.9,Moderately drained,Humic Nitisols,Tea/Smallholder,Highly Suitable,Highly Suitable,Moderately Suitable,Moderately Suitable,Highly Suitable,Highly Suitable
517,Kisii,Nyanza,1672.3,1499.0,27.3,13.7,5.1,75.0,1.817,2.757,14.7,Moderately drained,Humic Nitisols,Tea/Smallholder,Highly Suitable,Highly Suitable,Moderately Suitable,Moderately Suitable,Highly Suitable,Highly Suitable
518,Kericho,Rift Valley,1885.1,1591.9,25.8,13.1,5.09,81.6,2.653,3.089,5.9,Well drained,Humic Nitisols,Tea/Forest,Highly Suitable,Highly Suitable,Moderately Suitable,Moderately Suitable,Highly Suitable,Highly Suitable
519,Makueni,Eastern,1648.1,607.9,27.4,16.5,7.21,46.3,0.639,0.632,11.2,Moderately drained,Chromic Luvisols,Sorghum/Mango,Not Suitable,Highly Suitable,Highly Suitable,Highly Suitable,Not Suitable,Highly Suitable
520,Kisii,Nyanza,1893.4,1805.7,24.1,15.2,5.76,78.6,1.188,2.701,10.2,Moderately drained,Humic Nitisols,Tea/Smallholder,Highly Suitable,Highly Suitable,Highly Suitable,Moderately Suitable,Highly Suitable,Highly Suitable
521,Baringo,Rift Valley,1390.5,710.9,29.7,16.0,7.53,57.5,0.844,1.418,11.6,Moderately drained,Eutric Vertisols,Maize/Livestock,Not Suitable,Highly Suitable,Moderately Suitable,Highly Suitable,Not Suitable,Highly Suitable
522,Elgeyo Marakwet,Rift Valley,1711.3,1422.1,24.0,13.2,5.59,66.4,1.001,1.313,8.4,Well drained,Eutric Vertisols,Maize/Wheat,Highly Suitable,Highly Suitable,Highly Suitable,Moderately Suitable,Highly Suitable,Highly Suitable
523,Elgeyo Marakwet,Rift Valley,1518.2,1125.2,24.9,12.0,6.24,55.2,1.279,1.989,19.0,Well drained,Eutric Vertisols,Maize/Wheat,Moderately Suitable,Highly Suitable,Highly Suitable,Highly Suitable,Highly Suitable,Highly Suitable
524,Kakamega,Western,1772.7,1743.7,24.2,16.5,5.09,76.5,1.655,2.811,5.9,Moderately drained,Ferric Luvisols,Tea/Sugarcane,Highly Suitable,Highly Suitable,Moderately Suitable,Moderately Suitable,Highly Suitable,Highly Suitable
525,Kericho,Rift Valley,1822.0,2010.3,22.5,15.5,4.91,79.9,2.303,3.654,6.9,Well drained,Humic Nitisols,Tea/Forest,Highly Suitable,Moderately Suitable,Moderately Suitable,Not Suitable,Highly Suitable,Moderately Suitable
526,Meru,Eastern,945.3,1171.1,31.7,17.9,6.08,66.9,0.999,1.753,20.0,Moderately drained,Chromic Cambisols,Tea/Miraa,Not Suitable,Highly Suitable,Moderately Suitable,Highly Suitable,Moderately Suitable,Highly Suitable
527,Kericho,Rift Valley,1947.2,1634.5,23.4,13.2,5.18,75.5,1.917,2.786,9.6,Well drained,Humic Nitisols,Tea/Forest,Highly Suitable,Highly Suitable,Highly Suitable,Moderately Suitable,Highly Suitable,Highly Suitable
528,Nandi,Rift Valley,1751.3,1599.8,23.5,11.2,4.74,77.4,1.583,3.206,5.9,Well drained,Humic Nitisols,Tea/Maize,Highly Suitable,Highly Suitable,Moderately Suitable,Not Suitable,Highly Suitable,Highly Suitable
529,Kwale,Coast,288.5,1418.6,32.8,25.0,6.81,78.8,0.324,0.66,2.4,Moderately drained,Ferralic Arenosols,Cashew/Coconut,Not Suitable,Moderately Suitable,Not Suitable,Moderately Suitable,Moderately Suitable,Moderately Suitable
530,Kericho,Rift Valley,1876.7,1834.2,21.4,15.9,5.2,79.0,2.336,3.119,10.1,Well drained,Humic Nitisols,Tea/Forest,Highly Suitable,Highly Suitable,Highly Suitable,Moderately Suitable,Highly Suitable,Highly Suitable
531,Uasin Gishu,Rift Valley,1891.2,1187.4,19.2,8.5,5.83,69.1,1.375,1.66,5.6,Well drained,Mollic Andosols,Wheat/Maize,Highly Suitable,Highly Suitable,Highly Suitable,Moderately Suitable,Highly Suitable,Highly Suitable
532,Murang'a,Central,1755.8,1403.9,24.7,15.8,4.82,71.8,1.555,3.15,5.3,Moderately drained,Humic Nitisols,Tea/Smallholder,Highly Suitable,Highly Suitable,Moderately Suitable,Moderately Suitable,Highly Suitable,Highly Suitable
533,Nyeri,Central,2307.7,1351.0,21.3,13.5,5.52,72.7,2.213,2.534,19.9,Well drained,Humic Andosols,Tea/Coffee,Highly Suitable,Highly Suitable,Highly Suitable,Moderately Suitable,Highly Suitable,Highly Suitable
534,Baringo,Rift Valley,1818.2,632.8,28.2,16.7,6.74,45.8,0.422,0.534,15.3,Moderately drained,Eutric Vertisols,Maize/Livestock,Not Suitable,Highly Suitable,Highly Suitable,Highly Suitable,Not Suitable,Highly Suitable
535,Nyamira,Nyanza,1509.4,1502.1,26.2,13.6,5.27,72.4,1.794,1.92,5.8,Moderately drained,Humic Nitisols,Tea/Banana,Highly Suitable,Highly Suitable,Moderately Suitable,Moderately Suitable,Highly Suitable,Highly Suitable
536,Nandi,Rift Valley,1973.5,1620.0,21.4,13.1,5.04,77.5,1.932,2.255,6.4,Well drained,Humic Nitisols,Tea/Maize,Highly Suitable,Highly Suitable,Highly Suitable,Moderately Suitable,Highly Suitable,Highly Suitable
537,Uasin Gishu,Rift Valley,1873.0,946.4,23.1,10.6,6.31,59.3,1.255,2.328,6.8,Well drained,Mollic Andosols,Wheat/Maize,Moderately Suitable,Highly Suitable,Highly Suitable,Highly Suitable,Highly Suitable,Highly Suitable
538,Kericho,Rift Valley,2147.8,1728.9,20.1,15.5,4.57,75.2,2.75,4.401,7.7,Well drained,Humic Nitisols,Tea/Forest,Highly Suitable,Moderately Suitable,Moderately Suitable,Not Suitable,Highly Suitable,Moderately Suitable
539,Taita Taveta,Coast,1161.2,856.8,26.5,19.9,7.06,67.3,1.078,0.966,10.4,Well drained,Chromic Cambisols,Horticulture/Sisal,Not Suitable,Highly Suitable,Highly Suitable,Highly Suitable,Moderately Suitable,Highly Suitable
540,Kisii,Nyanza,1497.9,1803.6,26.4,14.7,5.3,72.6,1.777,2.372,9.8,Moderately drained,Humic Nitisols,Tea/Smallholder,Highly Suitable,Highly Suitable,Moderately Suitable,Highly Suitable,Highly Suitable,Highly Suitable
541,West Pokot,Rift Valley,1919.8,1241.2,24.8,12.9,5.71,67.5,1.148,1.002,17.8,Moderately drained,Chromic Luvisols,Sorghum/Livestock,Highly Suitable,Highly Suitable,Highly Suitable,Moderately Suitable,Highly Suitable,Highly Suitable
542,Elgeyo Marakwet,Rift Valley,2232.9,929.3,23.7,8.3,6.27,58.0,1.512,1.829,23.9,Well drained,Eutric Vertisols,Maize/Wheat,Moderately Suitable,Highly Suitable,Highly Suitable,Moderately Suitable,Highly Suitable,Highly Suitable
543,Narok,Rift Valley,2090.7,910.3,23.4,12.4,6.86,51.2,0.856,1.281,8.3,Well drained,Mollic Vertisols,Wheat/Livestock,Moderately Suitable,Highly Suitable,Highly Suitable,Moderately Suitable,Moderately Suitable,Highly Suitable
544,Kisii,Nyanza,1791.6,1460.0,25.7,13.5,4.86,79.1,1.271,2.896,13.2,Moderately drained,Humic Nitisols,Tea/Smallholder,Highly Suitable,Highly Suitable,Moderately Suitable,Moderately Suitable,Highly Suitable,Highly Suitable
545,Trans Nzoia,Rift Valley,2305.9,995.8,21.8,11.5,6.61,69.0,1.511,2.25,6.1,Well drained,Mollic Andosols,Wheat/Maize,Highly Suitable,Highly Suitable,Highly Suitable,Moderately Suitable,Moderately Suitable,Highly Suitable
546,Kisumu,Nyanza,1562.4,1338.3,29.0,17.1,5.62,65.5,0.753,1.307,7.8,Poorly drained,Eutric Vertisols,Maize/Rice,Moderately Suitable,Highly Suitable,Moderately Suitable,Highly Suitable,Highly Suitable,Highly Suitable
547,Nairobi,Nairobi,1894.6,776.1,27.6,15.3,5.88,69.6,0.773,1.867,7.2,Moderately drained,Chromic Luvisols,Urban/Horticulture,Moderately Suitable,Highly Suitable,Highly Suitable,Highly Suitable,Moderately Suitable,Highly Suitable
548,Kajiado,Rift Valley,1262.3,531.1,31.7,15.6,8.67,53.9,0.402,0.805,2.0,Excessively drained,Calcic Cambisols,Livestock/Hort,Not Suitable,Moderately Suitable,Moderately Suitable,Highly Suitable,Not Suitable,Moderately Suitable
549,Nandi,Rift Valley,2072.4,1729.0,22.5,13.7,5.12,73.6,1.614,3.343,9.2,Well drained,Humic Nitisols,Tea/Maize,Highly Suitable,Highly Suitable,Highly Suitable,Moderately Suitable,Highly Suitable,Highly Suitable
550,Nandi,Rift Valley,1942.5,1623.2,22.1,12.8,4.7,71.8,1.998,2.838,14.0,Well drained,Humic Nitisols,Tea/Maize,Highly Suitable,Highly Suitable,Moderately Suitable,Moderately Suitable,Highly Suitable,Moderately Suitable
551,Nyamira,Nyanza,1774.7,1579.6,23.3,13.2,5.36,72.8,1.373,2.954,14.3,Moderately drained,Humic Nitisols,Tea/Banana,Highly Suitable,Highly Suitable,Highly Suitable,Moderately Suitable,Highly Suitable,Highly Suitable
552,Murang'a,Central,1411.5,1344.0,26.9,13.5,5.4,67.4,1.212,2.21,17.7,Moderately drained,Humic Nitisols,Tea/Smallholder,Highly Suitable,Highly Suitable,Moderately Suitable,Highly Suitable,Highly Suitable,Highly Suitable
553,Kiambu,Central,1984.8,1100.9,23.6,13.4,5.95,65.3,1.169,2.745,3.1,Moderately drained,Humic Nitisols,Tea/Horticulture,Highly Suitable,Highly Suitable,Highly Suitable,Moderately Suitable,Highly Suitable,Highly Suitable
554,Meru,Eastern,1386.2,1058.8,25.2,16.3,5.53,61.1,1.76,2.109,16.1,Moderately drained,Chromic Cambisols,Tea/Miraa,Highly Suitable,Highly Suitable,Highly Suitable,Highly Suitable,Highly Suitable,Highly Suitable
555,Kisii,Nyanza,1839.6,1729.1,24.1,14.6,5.69,70.5,1.965,2.655,14.5,Moderately drained,Humic Nitisols,Tea/Smallholder,Highly Suitable,Highly Suitable,Highly Suitable,Moderately Suitable,Highly Suitable,Highly Suitable
556,Mombasa,Coast,67.4,1183.5,33.5,24.0,7.48,82.0,0.487,0.888,0.5,Poorly drained,Calcic Cambisols,Coconut/Cashew,Not Suitable,Moderately Suitable,Not Suitable,Highly Suitable,Not Suitable,Moderately Suitable
557,Kajiado,Rift Valley,1394.5,338.8,34.1,13.8,8.82,43.5,0.791,0.799,11.2,Excessively drained,Calcic Cambisols,Livestock/Hort,Not Suitable,Not Suitable,Not Suitable,Highly Suitable,Not Suitable,Moderately Suitable
558,Murang'a,Central,1995.5,1680.2,25.4,16.4,5.33,71.9,1.289,3.084,5.8,Moderately drained,Humic Nitisols,Tea/Smallholder,Highly Suitable,Highly Suitable,Moderately Suitable,Moderately Suitable,Highly Suitable,Highly Suitable
559,Nandi,Rift Valley,1979.6,1764.8,22.4,13.4,4.93,70.9,2.417,2.274,14.4,Well drained,Humic Nitisols,Tea/Maize,Highly Suitable,Highly Suitable,Moderately Suitable,Moderately Suitable,Highly Suitable,Moderately Suitable
560,Kajiado,Rift Valley,2283.6,371.4,31.2,12.7,7.49,49.3,0.596,0.862,4.1,Excessively drained,Calcic Cambisols,Livestock/Hort,Not Suitable,Not Suitable,Moderately Suitable,Highly Suitable,Not Suitable,Moderately Suitable
561,Vihiga,Western,1757.3,1667.7,23.9,14.6,5.14,79.7,1.205,1.921,5.3,Moderately drained,Ferric Luvisols,Tea/Maize,Highly Suitable,Highly Suitable,Highly Suitable,Moderately Suitable,Highly Suitable,Highly Suitable
562,Murang'a,Central,1476.9,1381.3,27.5,13.9,5.22,69.8,1.639,2.842,17.2,Moderately drained,Humic Nitisols,Tea/Smallholder,Highly Suitable,Highly Suitable,Moderately Suitable,Highly Suitable,Highly Suitable,Highly Suitable
563,Nyandarua,Central,2598.2,1267.1,17.5,10.4,5.96,67.3,1.141,2.919,13.1,Well drained,Humic Andosols,Wheat/Pyrethrum,Moderately Suitable,Moderately Suitable,Highly Suitable,Moderately Suitable,Highly Suitable,Highly Suitable
564,Kilifi,Coast,159.8,1045.5,33.4,25.3,7.73,70.3,0.35,0.7,6.7,Moderately drained,Ferralic Arenosols,Cashew/Cassava,Not Suitable,Moderately Suitable,Not Suitable,Highly Suitable,Not Suitable,Moderately Suitable
565,Nyamira,Nyanza,1480.8,1791.6,23.1,15.0,5.13,76.8,1.643,2.348,7.5,Moderately drained,Humic Nitisols,Tea/Banana,Highly Suitable,Highly Suitable,Moderately Suitable,Moderately Suitable,Highly Suitable,Highly Suitable
566,Mombasa,Coast,15.6,1209.1,31.6,24.1,6.56,77.5,0.577,1.059,3.5,Poorly drained,Calcic Cambisols,Coconut/Cashew,Not Suitable,Moderately Suitable,Moderately Suitable,Highly Suitable,Moderately Suitable,Highly Suitable
567,West Pokot,Rift Valley,1169.2,860.5,24.3,12.3,6.0,62.9,1.056,1.789,15.4,Moderately drained,Chromic Luvisols,Sorghum/Livestock,Moderately Suitable,Highly Suitable,Highly Suitable,Highly Suitable,Highly Suitable,Highly Suitable
568,Elgeyo Marakwet,Rift Valley,2310.1,1017.3,23.9,9.4,5.98,58.5,1.4,2.611,10.8,Well drained,Eutric Vertisols,Maize/Wheat,Highly Suitable,Highly Suitable,Highly Suitable,Moderately Suitable,Highly Suitable,Highly Suitable
569,Embu,Eastern,1211.4,1202.3,23.9,15.5,5.91,73.9,1.23,2.154,11.5,Moderately drained,Chromic Cambisols,Coffee/Tea,Highly Suitable,Highly Suitable,Highly Suitable,Highly Suitable,Highly Suitable,Highly Suitable
570,Murang'a,Central,1895.6,1584.2,26.5,13.1,5.13,67.9,1.56,1.949,17.1,Moderately drained,Humic Nitisols,Tea/Smallholder,Highly Suitable,Highly Suitable,Moderately Suitable,Moderately Suitable,Highly Suitable,Highly Suitable
571,Nyeri,Central,1628.0,1647.6,21.3,13.5,5.0,77.7,1.786,3.937,16.6,Well drained,Humic Andosols,Tea/Coffee,Highly Suitable,Highly Suitable,Highly Suitable,Moderately Suitable,Highly Suitable,Highly Suitable
572,Machakos,Eastern,1228.8,644.3,25.3,15.6,6.37,54.1,0.945,0.604,15.2,Moderately drained,Chromic Luvisols,Maize/Beans,Not Suitable,Highly Suitable,Highly Suitable,Highly Suitable,Moderately Suitable,Highly Suitable
573,Nandi,Rift Valley,2063.0,1485.4,21.8,14.0,5.08,78.4,1.64,3.591,5.4,Well drained,Humic Nitisols,Tea/Maize,Highly Suitable,Highly Suitable,Highly Suitable,Not Suitable,Highly Suitable,Highly Suitable
574,Wajir,North Eastern,214.3,169.4,40.1,26.3,8.4,41.1,0.178,0.148,1.2,Excessively drained,Haplic Arenosols,Pastoralism,Not Suitable,Not Suitable,Not Suitable,Moderately Suitable,Not Suitable,Not Suitable
575,Kwale,Coast,398.5,1040.2,34.4,25.1,7.07,77.7,0.83,1.144,3.8,Moderately drained,Ferralic Arenosols,Cashew/Coconut,Not Suitable,Moderately Suitable,Moderately Suitable,Highly Suitable,Not Suitable,Highly Suitable
576,Nyamira,Nyanza,1807.2,1520.1,22.5,12.8,4.85,71.0,1.714,2.441,14.0,Moderately drained,Humic Nitisols,Tea/Banana,Highly Suitable,Highly Suitable,Moderately Suitable,Moderately Suitable,Highly Suitable,Highly Suitable
577,Embu,Eastern,1891.5,1245.3,24.5,13.9,6.28,70.4,1.067,2.608,10.7,Moderately drained,Chromic Cambisols,Coffee/Tea,Highly Suitable,Highly Suitable,Highly Suitable,Moderately Suitable,Highly Suitable,Highly Suitable
578,Trans Nzoia,Rift Valley,2264.5,1348.8,22.3,10.4,6.74,71.4,0.915,2.974,1.6,Well drained,Mollic Andosols,Wheat/Maize,Highly Suitable,Highly Suitable,Highly Suitable,Moderately Suitable,Highly Suitable,Highly Suitable
579,Nyeri,Central,1929.8,1484.1,23.0,11.6,4.94,70.4,1.973,2.655,6.1,Well drained,Humic Andosols,Tea/Coffee,Highly Suitable,Highly Suitable,Moderately Suitable,Moderately Suitable,Highly Suitable,Highly Suitable
580,Kakamega,Western,1761.2,2042.2,26.6,16.4,5.84,74.9,1.355,1.859,8.4,Moderately drained,Ferric Luvisols,Tea/Sugarcane,Moderately Suitable,Highly Suitable,Highly Suitable,Highly Suitable,Highly Suitable,Highly Suitable
581,Kiambu,Central,1813.4,1114.8,27.2,14.1,5.31,68.0,1.544,1.599,6.3,Moderately drained,Humic Nitisols,Tea/Horticulture,Highly Suitable,Highly Suitable,Highly Suitable,Moderately Suitable,Highly Suitable,Highly Suitable
582,Kitui,Eastern,965.8,628.2,28.1,21.3,8.65,43.2,0.446,0.983,8.0,Moderately drained,Ferralic Cambisols,Sorghum/Cotton,Not Suitable,Moderately Suitable,Not Suitable,Highly Suitable,Not Suitable,Moderately Suitable
583,Embu,Eastern,1231.5,1032.6,26.5,12.7,5.59,69.3,1.343,1.438,15.0,Moderately drained,Chromic Cambisols,Coffee/Tea,Moderately Suitable,Highly Suitable,Highly Suitable,Highly Suitable,Highly Suitable,Highly Suitable
584,Meru,Eastern,1624.9,923.6,29.4,14.3,5.87,62.0,1.107,1.635,17.4,Moderately drained,Chromic Cambisols,Tea/Miraa,Moderately Suitable,Highly Suitable,Highly Suitable,Highly Suitable,Highly Suitable,Highly Suitable
585,Nandi,Rift Valley,1745.2,1356.9,21.9,13.9,5.21,70.3,1.722,2.462,11.1,Well drained,Humic Nitisols,Tea/Maize,Highly Suitable,Highly Suitable,Highly Suitable,Moderately Suitable,Highly Suitable,Highly Suitable
586,Embu,Eastern,1655.4,1498.9,25.7,15.6,5.46,63.1,1.366,1.952,16.1,Moderately drained,Chromic Cambisols,Coffee/Tea,Highly Suitable,Highly Suitable,Moderately Suitable,Moderately Suitable,Highly Suitable,Highly Suitable
587,Bungoma,Western,1697.1,1404.9,27.4,14.2,5.87,75.5,1.303,1.694,6.6,Moderately drained,Ferric Luvisols,Sugarcane/Maize,Highly Suitable,Highly Suitable,Highly Suitable,Moderately Suitable,Highly Suitable,Highly Suitable
588,Kwale,Coast,394.3,1037.6,28.9,25.5,6.85,68.4,0.714,1.126,1.5,Moderately drained,Ferralic Arenosols,Cashew/Coconut,Not Suitable,Highly Suitable,Moderately Suitable,Highly Suitable,Moderately Suitable,Highly Suitable
589,Kitui,Eastern,871.5,604.0,30.8,19.8,7.18,38.6,0.503,0.577,7.4,Moderately drained,Ferralic Cambisols,Sorghum/Cotton,Not Suitable,Moderately Suitable,Moderately Suitable,Highly Suitable,Not Suitable,Moderately Suitable
590,Kilifi,Coast,446.8,857.3,30.5,23.8,6.94,79.7,0.765,0.734,6.9,Moderately drained,Ferralic Arenosols,Cashew/Cassava,Not Suitable,Highly Suitable,Moderately Suitable,Highly Suitable,Not Suitable,Highly Suitable
591,Homa Bay,Nyanza,1494.7,1171.7,27.7,19.3,6.59,62.9,0.618,1.234,6.1,Moderately drained,Chromic Luvisols,Maize/Sorghum,Not Suitable,Highly Suitable,Highly Suitable,Highly Suitable,Highly Suitable,Highly Suitable
592,Nairobi,Nairobi,1671.8,872.6,27.9,13.2,5.68,63.2,1.115,1.614,3.1,Moderately drained,Chromic Luvisols,Urban/Horticulture,Moderately Suitable,Highly Suitable,Highly Suitable,Highly Suitable,Highly Suitable,Highly Suitable
593,Siaya,Nyanza,1358.6,1048.1,29.7,16.7,6.51,62.6,0.886,1.646,2.6,Poorly drained,Eutric Vertisols,Maize/Sorghum,Not Suitable,Highly Suitable,Moderately Suitable,Highly Suitable,Highly Suitable,Highly Suitable
594,Kiambu,Central,2092.9,981.0,26.3,15.1,5.91,67.5,1.318,1.894,3.8,Moderately drained,Humic Nitisols,Tea/Horticulture,Moderately Suitable,Highly Suitable,Highly Suitable,Moderately Suitable,Highly Suitable,Highly Suitable
595,Mandera,North Eastern,285.8,243.8,41.4,29.9,7.89,39.6,0.168,0.153,1.3,Excessively drained,Haplic Arenosols,Pastoralism,Not Suitable,Not Suitable,Not Suitable,Moderately Suitable,Not Suitable,Not Suitable
596,Kirinyaga,Central,2104.8,1625.9,23.6,11.8,5.41,74.7,1.397,3.054,7.4,Well drained,Humic Andosols,Tea/Rice,Highly Suitable,Highly Suitable,Highly Suitable,Moderately Suitable,Highly Suitable,Highly Suitable
597,Kakamega,Western,1460.8,1809.9,26.8,14.3,6.0,81.0,1.654,2.951,5.3,Moderately drained,Ferric Luvisols,Tea/Sugarcane,Highly Suitable,Highly Suitable,Moderately Suitable,Highly Suitable,Highly Suitable,Highly Suitable
598,Kilifi,Coast,285.4,941.6,28.2,24.7,8.09,67.7,0.597,1.053,1.3,Moderately drained,Ferralic Arenosols,Cashew/Cassava,Not Suitable,Highly Suitable,Not Suitable,Moderately Suitable,Not Suitable,Moderately Suitable
599,Kajiado,Rift Valley,706.8,470.6,26.5,16.1,7.16,53.8,0.744,0.81,4.9,Excessively drained,Calcic Cambisols,Livestock/Hort,Not Suitable,Highly Suitable,Moderately Suitable,Highly Suitable,Not Suitable,Highly Suitable
600,Kiambu,Central,2046.9,1333.6,22.8,15.2,5.79,66.7,1.539,1.838,7.1,Moderately drained,Humic Nitisols,Tea/Horticulture,Highly Suitable,Highly Suitable,Highly Suitable,Moderately Suitable,Highly Suitable,Highly Suitable
601,Kitui,Eastern,516.8,494.4,28.7,19.5,6.87,55.5,0.552,0.36,13.7,Moderately drained,Ferralic Cambisols,Sorghum/Cotton,Not Suitable,Highly Suitable,Moderately Suitable,Highly Suitable,Not Suitable,Highly Suitable
602,Wajir,North Eastern,258.7,242.9,41.2,24.5,7.98,31.0,0.108,0.192,2.2,Excessively drained,Haplic Arenosols,Pastoralism,Not Suitable,Not Suitable,Not Suitable,Moderately Suitable,Not Suitable,Not Suitable
603,Kakamega,Western,1413.9,1830.3,29.2,17.4,5.55,73.6,1.882,2.398,2.9,Moderately drained,Ferric Luvisols,Tea/Sugarcane,Highly Suitable,Highly Suitable,Moderately Suitable,Highly Suitable,Highly Suitable,Highly Suitable
604,Kitui,Eastern,1407.8,454.9,35.0,22.9,7.61,52.9,0.51,0.862,9.8,Moderately drained,Ferralic Cambisols,Sorghum/Cotton,Not Suitable,Moderately Suitable,Moderately Suitable,Highly Suitable,Not Suitable,Moderately Suitable
605,Garissa,North Eastern,113.2,302.9,40.2,26.5,8.56,32.5,0.321,0.38,0.7,Excessively drained,Haplic Arenosols,Livestock,Not Suitable,Not Suitable,Not Suitable,Moderately Suitable,Not Suitable,Not Suitable
606,Nandi,Rift Valley,1726.4,1402.5,23.0,11.8,4.86,71.2,2.391,3.187,11.1,Well drained,Humic Nitisols,Tea/Maize,Highly Suitable,Highly Suitable,Moderately Suitable,Moderately Suitable,Highly Suitable,Highly Suitable
607,Nandi,Rift Valley,1551.2,1914.5,24.5,13.4,4.67,77.5,1.71,3.796,5.5,Well drained,Humic Nitisols,Tea/Maize,Highly Suitable,Moderately Suitable,Moderately Suitable,Not Suitable,Highly Suitable,Moderately Suitable
608,Mandera,North Eastern,341.2,229.4,41.3,27.4,7.84,33.4,0.258,0.243,1.6,Excessively drained,Haplic Arenosols,Pastoralism,Not Suitable,Not Suitable,Not Suitable,Moderately Suitable,Not Suitable,Not Suitable
609,Kericho,Rift Valley,1807.9,1843.0,21.4,11.3,4.9,77.4,2.437,3.952,11.8,Well drained,Humic Nitisols,Tea/Forest,Highly Suitable,Moderately Suitable,Moderately Suitable,Not Suitable,Highly Suitable,Moderately Suitable
610,Kitui,Eastern,1219.4,603.5,28.6,21.5,7.99,55.2,0.259,0.85,14.1,Moderately drained,Ferralic Cambisols,Sorghum/Cotton,Not Suitable,Highly Suitable,Moderately Suitable,Highly Suitable,Not Suitable,Moderately Suitable
611,Bomet,Rift Valley,1640.6,1663.6,21.7,16.0,5.41,75.9,1.993,3.04,12.5,Well drained,Humic Nitisols,Tea/Dairy,Highly Suitable,Highly Suitable,Highly Suitable,Moderately Suitable,Highly Suitable,Highly Suitable
612,Bomet,Rift Valley,1734.1,1386.7,23.1,14.7,4.73,68.3,1.753,3.255,5.1,Well drained,Humic Nitisols,Tea/Dairy,Highly Suitable,Highly Suitable,Moderately Suitable,Moderately Suitable,Highly Suitable,Highly Suitable
613,Taita Taveta,Coast,1436.0,1194.2,32.1,15.8,5.87,56.0,1.238,1.808,20.0,Well drained,Chromic Cambisols,Horticulture/Sisal,Moderately Suitable,Highly Suitable,Highly Suitable,Highly Suitable,Highly Suitable,Highly Suitable
614,Vihiga,Western,1444.1,1662.3,26.8,15.8,5.84,72.8,1.499,1.861,10.7,Moderately drained,Ferric Luvisols,Tea/Maize,Moderately Suitable,Highly Suitable,Moderately Suitable,Highly Suitable,Highly Suitable,Highly Suitable
615,Narok,Rift Valley,1921.4,940.7,27.3,15.0,7.24,54.9,0.658,0.983,5.3,Well drained,Mollic Vertisols,Wheat/Livestock,Not Suitable,Highly Suitable,Highly Suitable,Highly Suitable,Not Suitable,Highly Suitable
616,Nandi,Rift Valley,1645.4,1440.8,25.2,12.2,5.08,71.5,1.981,3.065,3.6,Well drained,Humic Nitisols,Tea/Maize,Highly Suitable,Highly Suitable,Moderately Suitable,Moderately Suitable,Highly Suitable,Highly Suitable
617,Nandi,Rift Valley,1872.0,1690.0,27.0,14.2,4.75,73.1,1.748,3.488,3.4,Well drained,Humic Nitisols,Tea/Maize,Highly Suitable,Highly Suitable,Moderately Suitable,Moderately Suitable,Highly Suitable,Moderately Suitable
618,Elgeyo Marakwet,Rift Valley,2137.4,1311.8,23.8,10.4,5.44,62.4,1.301,1.658,25.5,Well drained,Eutric Vertisols,Maize/Wheat,Highly Suitable,Highly Suitable,Highly Suitable,Moderately Suitable,Highly Suitable,Highly Suitable
619,Nandi,Rift Valley,1763.5,1569.7,24.1,12.2,5.2,75.0,1.732,3.799,7.6,Well drained,Humic Nitisols,Tea/Maize,Highly Suitable,Highly Suitable,Moderately Suitable,Moderately Suitable,Highly Suitable,Highly Suitable
620,Bomet,Rift Valley,1644.9,1482.5,23.1,15.7,5.05,69.4,2.043,2.528,8.8,Well drained,Humic Nitisols,Tea/Dairy,Highly Suitable,Highly Suitable,Highly Suitable,Moderately Suitable,Highly Suitable,Highly Suitable
621,Nakuru,Rift Valley,2140.6,1109.4,28.1,14.8,7.23,59.9,0.632,1.981,7.0,Well drained,Eutric Vertisols,Wheat/Pyrethrum,Moderately Suitable,Highly Suitable,Highly Suitable,Highly Suitable,Moderately Suitable,Highly Suitable
622,Makueni,Eastern,1524.5,638.1,27.4,21.8,7.8,48.2,0.44,0.985,5.9,Moderately drained,Chromic Luvisols,Sorghum/Mango,Not Suitable,Moderately Suitable,Moderately Suitable,Highly Suitable,Not Suitable,Highly Suitable
623,Bomet,Rift Valley,2095.2,1217.6,24.3,14.6,5.22,69.2,2.245,2.326,9.9,Well drained,Humic Nitisols,Tea/Dairy,Highly Suitable,Highly Suitable,Highly Suitable,Moderately Suitable,Highly Suitable,Highly Suitable
624,Vihiga,Western,1822.7,1760.2,27.9,13.6,5.11,72.1,1.734,1.662,5.9,Moderately drained,Ferric Luvisols,Tea/Maize,Highly Suitable,Highly Suitable,Moderately Suitable,Moderately Suitable,Highly Suitable,Highly Suitable
625,Garissa,North Eastern,381.7,351.1,32.8,23.7,9.24,30.1,0.397,0.48,0.2,Excessively drained,Haplic Arenosols,Livestock,Not Suitable,Not Suitable,Not Suitable,Moderately Suitable,Not Suitable,Not Suitable
626,Kirinyaga,Central,2136.6,1114.9,21.5,11.8,4.9,75.0,1.668,2.593,13.1,Well drained,Humic Andosols,Tea/Rice,Highly Suitable,Highly Suitable,Highly Suitable,Not Suitable,Highly Suitable,Highly Suitable
627,Homa Bay,Nyanza,1233.8,1391.5,28.4,16.2,5.94,67.4,0.845,1.074,2.2,Moderately drained,Chromic Luvisols,Maize/Sorghum,Moderately Suitable,Highly Suitable,Moderately Suitable,Highly Suitable,Highly Suitable,Highly Suitable
628,Bungoma,Western,1791.0,1319.9,26.8,15.8,6.0,75.0,1.33,1.48,8.7,Moderately drained,Ferric Luvisols,Sugarcane/Maize,Highly Suitable,Highly Suitable,Highly Suitable,Highly Suitable,Highly Suitable,Highly Suitable
629,Nakuru,Rift Valley,2180.8,748.8,24.4,10.9,6.37,57.8,0.946,1.548,3.0,Well drained,Eutric Vertisols,Wheat/Pyrethrum,Moderately Suitable,Highly Suitable,Highly Suitable,Highly Suitable,Moderately Suitable,Highly Suitable
630,Nandi,Rift Valley,1511.0,1793.3,22.0,13.3,4.81,75.5,2.151,3.659,5.5,Well drained,Humic Nitisols,Tea/Maize,Highly Suitable,Highly Suitable,Moderately Suitable,Not Suitable,Highly Suitable,Moderately Suitable
631,Embu,Eastern,1435.1,1215.0,26.0,15.5,6.19,64.7,1.53,2.254,16.8,Moderately drained,Chromic Cambisols,Coffee/Tea,Highly Suitable,Highly Suitable,Highly Suitable,Highly Suitable,Highly Suitable,Highly Suitable
632,Taita Taveta,Coast,1784.5,812.3,33.8,20.6,7.19,55.4,0.717,1.071,9.0,Well drained,Chromic Cambisols,Horticulture/Sisal,Not Suitable,Moderately Suitable,Highly Suitable,Highly Suitable,Not Suitable,Highly Suitable
633,Nakuru,Rift Valley,1959.6,1181.1,22.2,12.8,7.33,54.6,0.989,1.686,13.3,Well drained,Eutric Vertisols,Wheat/Pyrethrum,Moderately Suitable,Highly Suitable,Highly Suitable,Highly Suitable,Moderately Suitable,Highly Suitable
634,Nandi,Rift Valley,1953.1,1701.7,24.5,11.9,4.72,70.1,1.851,3.18,7.7,Well drained,Humic Nitisols,Tea/Maize,Highly Suitable,Highly Suitable,Moderately Suitable,Moderately Suitable,Highly Suitable,Moderately Suitable
635,Kiambu,Central,2198.5,1358.7,26.0,13.2,4.97,70.9,1.667,2.463,4.7,Moderately drained,Humic Nitisols,Tea/Horticulture,Highly Suitable,Moderately Suitable,Moderately Suitable,Moderately Suitable,Highly Suitable,Highly Suitable
636,Makueni,Eastern,1077.2,580.2,27.4,18.4,7.53,52.6,0.429,1.159,4.7,Moderately drained,Chromic Luvisols,Sorghum/Mango,Not Suitable,Moderately Suitable,Moderately Suitable,Highly Suitable,Not Suitable,Highly Suitable
637,Kakamega,Western,1684.1,1645.8,26.1,17.3,5.48,76.6,1.646,2.742,4.7,Moderately drained,Ferric Luvisols,Tea/Sugarcane,Highly Suitable,Highly Suitable,Moderately Suitable,Moderately Suitable,Highly Suitable,Highly Suitable
638,Kakamega,Western,1710.7,1573.3,26.6,14.1,5.06,82.1,1.397,2.299,5.3,Moderately drained,Ferric Luvisols,Tea/Sugarcane,Highly Suitable,Highly Suitable,Moderately Suitable,Moderately Suitable,Highly Suitable,Highly Suitable
639,Nyeri,Central,2383.9,1616.6,23.7,11.4,5.27,68.8,2.495,3.295,17.3,Well drained,Humic Andosols,Tea/Coffee,Highly Suitable,Highly Suitable,Highly Suitable,Moderately Suitable,Highly Suitable,Moderately Suitable
640,Homa Bay,Nyanza,1325.2,1197.6,31.7,20.0,5.52,64.7,0.882,1.115,7.3,Moderately drained,Chromic Luvisols,Maize/Sorghum,Not Suitable,Highly Suitable,Moderately Suitable,Highly Suitable,Highly Suitable,Highly Suitable
641,Kirinyaga,Central,1706.2,1598.7,24.3,14.2,4.86,72.6,1.464,3.396,11.6,Well drained,Humic Andosols,Tea/Rice,Highly Suitable,Highly Suitable,Moderately Suitable,Moderately Suitable,Highly Suitable,Highly Suitable
642,Nyeri,Central,2291.4,1494.5,21.3,13.0,4.79,69.1,1.955,2.774,9.4,Well drained,Humic Andosols,Tea/Coffee,Highly Suitable,Moderately Suitable,Moderately Suitable,Not Suitable,Moderately Suitable,Moderately Suitable
643,Kwale,Coast,128.6,859.5,31.4,23.7,7.06,79.4,0.817,1.3,0.2,Moderately drained,Ferralic Arenosols,Cashew/Coconut,Not Suitable,Highly Suitable,Moderately Suitable,Highly Suitable,Not Suitable,Highly Suitable
644,Kakamega,Western,1437.5,2056.7,27.0,17.3,5.8,78.7,1.662,2.146,4.5,Moderately drained,Ferric Luvisols,Tea/Sugarcane,Moderately Suitable,Highly Suitable,Moderately Suitable,Highly Suitable,Highly Suitable,Highly Suitable
645,Nyandarua,Central,2785.8,959.8,19.3,7.3,5.67,68.8,1.832,3.292,7.4,Well drained,Humic Andosols,Wheat/Pyrethrum,Highly Suitable,Highly Suitable,Highly Suitable,Moderately Suitable,Highly Suitable,Highly Suitable
646,Kericho,Rift Valley,2011.6,1737.1,20.7,12.6,4.74,79.3,2.438,4.274,6.7,Well drained,Humic Nitisols,Tea/Forest,Highly Suitable,Moderately Suitable,Moderately Suitable,Not Suitable,Highly Suitable,Moderately Suitable
647,Bomet,Rift Valley,1744.7,1467.1,24.6,13.6,5.04,71.3,1.908,3.531,5.2,Well drained,Humic Nitisols,Tea/Dairy,Highly Suitable,Highly Suitable,Moderately Suitable,Moderately Suitable,Highly Suitable,Highly Suitable
648,Kakamega,Western,1403.1,1611.0,24.6,14.4,5.35,81.0,1.7,2.269,4.3,Moderately drained,Ferric Luvisols,Tea/Sugarcane,Highly Suitable,Highly Suitable,Moderately Suitable,Moderately Suitable,Highly Suitable,Highly Suitable
649,Embu,Eastern,1656.7,1538.8,20.9,16.1,6.13,63.1,1.129,2.745,11.5,Moderately drained,Chromic Cambisols,Coffee/Tea,Highly Suitable,Highly Suitable,Highly Suitable,Moderately Suitable,Highly Suitable,Highly Suitable
650,Kirinyaga,Central,2042.1,1681.8,20.7,14.6,5.2,75.7,1.665,3.241,4.7,Well drained,Humic Andosols,Tea/Rice,Highly Suitable,Highly Suitable,Highly Suitable,Not Suitable,Highly Suitable,Highly Suitable
651,Makueni,Eastern,856.6,448.4,31.0,19.6,8.43,54.6,0.326,1.107,15.8,Moderately drained,Chromic Luvisols,Sorghum/Mango,Not Suitable,Moderately Suitable,Not Suitable,Highly Suitable,Not Suitable,Moderately Suitable
652,Garissa,North Eastern,309.1,306.2,40.0,20.6,8.91,39.7,0.214,0.236,1.9,Excessively drained,Haplic Arenosols,Livestock,Not Suitable,Not Suitable,Not Suitable,Moderately Suitable,Not Suitable,Not Suitable
653,Nyamira,Nyanza,1717.7,1391.2,23.1,12.2,4.98,73.6,1.886,2.534,10.7,Moderately drained,Humic Nitisols,Tea/Banana,Highly Suitable,Highly Suitable,Moderately Suitable,Moderately Suitable,Highly Suitable,Highly Suitable
654,Trans Nzoia,Rift Valley,2074.2,936.7,18.6,12.2,6.94,67.8,0.972,2.103,6.1,Well drained,Mollic Andosols,Wheat/Maize,Moderately Suitable,Highly Suitable,Highly Suitable,Moderately Suitable,Highly Suitable,Highly Suitable
655,Kisumu,Nyanza,1269.7,1264.9,26.5,20.6,5.83,75.0,0.703,1.572,2.6,Poorly drained,Eutric Vertisols,Maize/Rice,Moderately Suitable,Highly Suitable,Moderately Suitable,Highly Suitable,Highly Suitable,Highly Suitable
656,Nyeri,Central,1750.7,1358.5,23.3,12.8,4.56,77.4,1.652,3.283,15.6,Well drained,Humic Andosols,Tea/Coffee,Highly Suitable,Highly Suitable,Moderately Suitable,Not Suitable,Highly Suitable,Highly Suitable
657,Kisii,Nyanza,1870.7,1450.4,25.3,13.4,5.43,75.5,1.467,2.386,18.4,Moderately drained,Humic Nitisols,Tea/Smallholder,Highly Suitable,Highly Suitable,Moderately Suitable,Moderately Suitable,Highly Suitable,Highly Suitable
658,Kisumu,Nyanza,1573.3,1012.2,30.0,19.7,6.2,74.1,1.042,1.258,5.0,Poorly drained,Eutric Vertisols,Maize/Rice,Moderately Suitable,Highly Suitable,Highly Suitable,Highly Suitable,Highly Suitable,Highly Suitable
659,Kisii,Nyanza,1590.8,1830.0,24.7,15.5,5.04,71.5,1.944,3.06,18.3,Moderately drained,Humic Nitisols,Tea/Smallholder,Highly Suitable,Highly Suitable,Moderately Suitable,Moderately Suitable,Highly Suitable,Highly Suitable
660,Murang'a,Central,1462.5,1584.6,25.3,14.1,4.86,65.9,2.094,2.126,8.5,Moderately drained,Humic Nitisols,Tea/Smallholder,Highly Suitable,Highly Suitable,Moderately Suitable,Moderately Suitable,Highly Suitable,Highly Suitable
661,Nyandarua,Central,2307.1,1336.9,20.9,7.4,5.08,70.8,1.336,2.844,2.4,Well drained,Humic Andosols,Wheat/Pyrethrum,Highly Suitable,Highly Suitable,Highly Suitable,Moderately Suitable,Highly Suitable,Highly Suitable
662,Siaya,Nyanza,1196.9,1357.7,26.3,17.5,6.89,70.3,0.876,1.247,4.2,Poorly drained,Eutric Vertisols,Maize/Sorghum,Not Suitable,Highly Suitable,Moderately Suitable,Highly Suitable,Moderately Suitable,Highly Suitable
663,Kajiado,Rift Valley,1165.4,534.7,27.3,13.3,8.16,45.3,0.32,0.588,7.5,Excessively drained,Calcic Cambisols,Livestock/Hort,Not Suitable,Moderately Suitable,Not Suitable,Highly Suitable,Not Suitable,Moderately Suitable
664,Vihiga,Western,1867.8,1866.9,24.0,13.2,5.72,78.3,1.874,2.646,12.8,Moderately drained,Ferric Luvisols,Tea/Maize,Highly Suitable,Highly Suitable,Highly Suitable,Moderately Suitable,Highly Suitable,Highly Suitable
665,Nairobi,Nairobi,1666.5,1126.0,23.9,15.7,6.49,61.5,1.074,1.781,3.0,Moderately drained,Chromic Luvisols,Urban/Horticulture,Moderately Suitable,Highly Suitable,Highly Suitable,Highly Suitable,Highly Suitable,Highly Suitable
666,Kericho,Rift Valley,1878.4,1749.1,24.3,11.7,5.03,72.7,2.787,4.044,4.0,Well drained,Humic Nitisols,Tea/Forest,Highly Suitable,Highly Suitable,Moderately Suitable,Moderately Suitable,Highly Suitable,Highly Suitable
667,Elgeyo Marakwet,Rift Valley,1816.5,1088.2,23.2,9.2,5.96,55.3,1.193,2.464,15.5,Well drained,Eutric Vertisols,Maize/Wheat,Highly Suitable,Highly Suitable,Highly Suitable,Highly Suitable,Highly Suitable,Highly Suitable
668,Elgeyo Marakwet,Rift Valley,2297.1,884.9,24.9,11.1,5.13,64.4,1.077,2.506,26.0,Well drained,Eutric Vertisols,Maize/Wheat,Highly Suitable,Highly Suitable,Highly Suitable,Moderately Suitable,Moderately Suitable,Highly Suitable
669,Lamu,Coast,31.0,806.9,34.5,24.9,8.4,77.4,0.316,0.679,0.1,Poorly drained,Gleyic Cambisols,Coconut/Fishing,Not Suitable,Moderately Suitable,Not Suitable,Highly Suitable,Not Suitable,Moderately Suitable
670,Meru,Eastern,1455.2,996.5,24.7,15.0,5.22,68.1,1.532,1.927,8.2,Moderately drained,Chromic Cambisols,Tea/Miraa,Highly Suitable,Highly Suitable,Highly Suitable,Moderately Suitable,Highly Suitable,Highly Suitable
671,Meru,Eastern,1176.3,1056.7,32.2,19.1,6.13,68.2,1.362,2.705,14.9,Moderately drained,Chromic Cambisols,Tea/Miraa,Moderately Suitable,Highly Suitable,Moderately Suitable,Highly Suitable,Highly Suitable,Highly Suitable
672,Kajiado,Rift Valley,510.7,658.1,34.3,13.1,6.76,43.5,0.76,0.788,6.8,Excessively drained,Calcic Cambisols,Livestock/Hort,Not Suitable,Moderately Suitable,Moderately Suitable,Highly Suitable,Not Suitable,Highly Suitable
673,Taita Taveta,Coast,1394.0,958.6,26.1,17.9,6.77,60.1,0.659,1.95,14.3,Well drained,Chromic Cambisols,Horticulture/Sisal,Not Suitable,Highly Suitable,Highly Suitable,Highly Suitable,Moderately Suitable,Highly Suitable
674,Kitui,Eastern,1453.6,776.5,34.5,20.0,6.88,51.9,0.303,0.609,3.2,Moderately drained,Ferralic Cambisols,Sorghum/Cotton,Not Suitable,Highly Suitable,Moderately Suitable,Highly Suitable,Not Suitable,Highly Suitable
675,Kakamega,Western,1643.2,1659.7,27.9,17.8,5.78,73.0,1.745,1.577,4.1,Moderately drained,Ferric Luvisols,Tea/Sugarcane,Highly Suitable,Highly Suitable,Highly Suitable,Highly Suitable,Highly Suitable,Highly Suitable
676,Tana River,Coast,106.4,469.1,34.3,27.7,9.09,59.7,0.491,0.427,0.0,Poorly drained,Eutric Vertisols,Irrigation/Livestock,Not Suitable,Moderately Suitable,Not Suitable,Highly Suitable,Not Suitable,Moderately Suitable
677,Kirinyaga,Central,1651.1,1201.1,20.8,12.7,5.48,70.6,1.388,1.931,12.4,Well drained,Humic Andosols,Tea/Rice,Highly Suitable,Highly Suitable,Highly Suitable,Moderately Suitable,Highly Suitable,Highly Suitable
678,Mombasa,Coast,31.9,937.6,35.6,26.6,7.39,82.7,0.526,0.924,0.8,Poorly drained,Calcic Cambisols,Coconut/Cashew,Not Suitable,Moderately Suitable,Moderately Suitable,Highly Suitable,Not Suitable,Moderately Suitable
679,Samburu,Rift Valley,1367.5,547.9,27.5,22.2,7.87,31.6,0.514,0.426,3.8,Excessively drained,Chromic Luvisols,Pastoralism,Not Suitable,Moderately Suitable,Moderately Suitable,Highly Suitable,Not Suitable,Moderately Suitable
680,Isiolo,Eastern,1452.7,334.2,32.9,17.5,7.9,50.8,0.58,0.581,4.2,Excessively drained,Chromic Luvisols,Livestock,Not Suitable,Not Suitable,Not Suitable,Highly Suitable,Not Suitable,Moderately Suitable
681,Kisii,Nyanza,1400.1,1834.2,27.5,16.0,4.91,71.2,1.161,2.731,18.9,Moderately drained,Humic Nitisols,Tea/Smallholder,Highly Suitable,Moderately Suitable,Moderately Suitable,Moderately Suitable,Moderately Suitable,Moderately Suitable
682,Kilifi,Coast,278.4,1000.3,33.0,25.4,7.4,66.1,0.358,1.056,2.2,Moderately drained,Ferralic Arenosols,Cashew/Cassava,Not Suitable,Highly Suitable,Moderately Suitable,Highly Suitable,Not Suitable,Moderately Suitable
683,Laikipia,Central,2222.4,488.6,23.0,13.0,6.88,61.6,0.495,1.039,3.5,Well drained,Chromic Luvisols,Livestock/Wheat,Moderately Suitable,Highly Suitable,Highly Suitable,Highly Suitable,Not Suitable,Highly Suitable
684,Makueni,Eastern,1347.3,606.7,32.8,16.8,8.47,52.3,0.697,0.468,4.9,Moderately drained,Chromic Luvisols,Sorghum/Mango,Not Suitable,Moderately Suitable,Moderately Suitable,Highly Suitable,Not Suitable,Moderately Suitable
685,Migori,Nyanza,1106.7,1220.4,24.8,17.3,5.53,67.6,0.838,1.658,3.2,Moderately drained,Ferric Luvisols,Maize/Tea(marginal),Moderately Suitable,Highly Suitable,Moderately Suitable,Highly Suitable,Highly Suitable,Highly Suitable
686,Bomet,Rift Valley,1887.0,1379.5,20.7,14.3,4.7,75.9,1.676,2.072,9.5,Well drained,Humic Nitisols,Tea/Dairy,Highly Suitable,Highly Suitable,Moderately Suitable,Not Suitable,Highly Suitable,Highly Suitable
687,Kisii,Nyanza,1516.8,1445.2,23.8,15.2,5.06,74.2,1.439,2.989,18.6,Moderately drained,Humic Nitisols,Tea/Smallholder,Highly Suitable,Highly Suitable,Highly Suitable,Moderately Suitable,Highly Suitable,Highly Suitable
688,Siaya,Nyanza,1294.6,1107.8,26.2,15.8,6.67,64.7,0.969,1.342,5.1,Poorly drained,Eutric Vertisols,Maize/Sorghum,Not Suitable,Highly Suitable,Highly Suitable,Highly Suitable,Highly Suitable,Highly Suitable
689,Kakamega,Western,1643.4,1680.5,24.6,14.6,5.32,75.5,1.895,2.342,6.2,Moderately drained,Ferric Luvisols,Tea/Sugarcane,Highly Suitable,Highly Suitable,Moderately Suitable,Moderately Suitable,Highly Suitable,Highly Suitable
690,Mombasa,Coast,17.7,896.4,35.0,26.7,6.78,77.5,0.407,0.56,1.6,Poorly drained,Calcic Cambisols,Coconut/Cashew,Not Suitable,Moderately Suitable,Moderately Suitable,Highly Suitable,Not Suitable,Highly Suitable
691,Kakamega,Western,1466.3,2084.5,27.9,16.7,5.5,77.1,1.756,2.318,2.5,Moderately drained,Ferric Luvisols,Tea/Sugarcane,Highly Suitable,Highly Suitable,Moderately Suitable,Highly Suitable,Highly Suitable,Highly Suitable
692,Samburu,Rift Valley,542.9,378.1,29.0,18.1,7.55,40.8,0.549,0.627,12.4,Excessively drained,Chromic Luvisols,Pastoralism,Not Suitable,Moderately Suitable,Not Suitable,Highly Suitable,Not Suitable,Moderately Suitable
693,Murang'a,Central,1596.2,1228.4,23.3,16.5,5.84,69.1,1.649,3.028,16.4,Moderately drained,Humic Nitisols,Tea/Smallholder,Highly Suitable,Highly Suitable,Highly Suitable,Moderately Suitable,Highly Suitable,Highly Suitable
694,Nandi,Rift Valley,1857.4,1658.0,24.1,12.4,5.26,78.3,2.465,2.249,11.8,Well drained,Humic Nitisols,Tea/Maize,Highly Suitable,Highly Suitable,Moderately Suitable,Moderately Suitable,Highly Suitable,Highly Suitable
695,Nyeri,Central,1805.6,1792.2,24.6,12.6,4.67,74.8,1.672,2.261,8.9,Well drained,Humic Andosols,Tea/Coffee,Highly Suitable,Highly Suitable,Moderately Suitable,Moderately Suitable,Highly Suitable,Moderately Suitable
696,Migori,Nyanza,1649.3,1397.1,25.5,14.1,5.69,63.8,1.197,1.793,2.4,Moderately drained,Ferric Luvisols,Maize/Tea(marginal),Highly Suitable,Highly Suitable,Highly Suitable,Highly Suitable,Highly Suitable,Highly Suitable
697,Elgeyo Marakwet,Rift Valley,2626.6,1149.6,18.7,10.6,5.25,65.5,1.431,1.459,19.1,Well drained,Eutric Vertisols,Maize/Wheat,Moderately Suitable,Moderately Suitable,Highly Suitable,Moderately Suitable,Highly Suitable,Highly Suitable
698,Nyandarua,Central,2398.5,938.3,18.7,11.2,5.52,75.3,1.946,1.79,4.3,Well drained,Humic Andosols,Wheat/Pyrethrum,Highly Suitable,Highly Suitable,Highly Suitable,Moderately Suitable,Highly Suitable,Highly Suitable
699,Kajiado,Rift Valley,1824.7,343.2,31.6,13.0,7.56,39.9,0.649,0.536,10.7,Excessively drained,Calcic Cambisols,Livestock/Hort,Not Suitable,Not Suitable,Moderately Suitable,Highly Suitable,Not Suitable,Moderately Suitable
700,Vihiga,Western,1681.1,1681.7,23.8,13.5,5.47,72.7,1.117,2.412,5.4,Moderately drained,Ferric Luvisols,Tea/Maize,Highly Suitable,Highly Suitable,Highly Suitable,Moderately Suitable,Highly Suitable,Highly Suitable
701,Nyeri,Central,2472.0,1644.1,19.9,13.0,4.58,68.2,1.924,3.177,16.6,Well drained,Humic Andosols,Tea/Coffee,Highly Suitable,Moderately Suitable,Moderately Suitable,Not Suitable,Moderately Suitable,Moderately Suitable
702,Nyandarua,Central,2787.9,928.5,21.0,10.1,5.47,69.6,1.147,2.405,13.5,Well drained,Humic Andosols,Wheat/Pyrethrum,Highly Suitable,Highly Suitable,Highly Suitable,Moderately Suitable,Moderately Suitable,Highly Suitable
703,Kirinyaga,Central,1979.7,1192.1,23.8,12.1,4.82,69.2,2.001,2.467,13.0,Well drained,Humic Andosols,Tea/Rice,Highly Suitable,Highly Suitable,Highly Suitable,Moderately Suitable,Highly Suitable,Highly Suitable
704,Homa Bay,Nyanza,1538.3,1308.5,29.2,19.8,6.22,70.4,0.723,1.171,6.7,Moderately drained,Chromic Luvisols,Maize/Sorghum,Moderately Suitable,Highly Suitable,Moderately Suitable,Highly Suitable,Highly Suitable,Highly Suitable
705,Kisii,Nyanza,1424.6,1474.7,28.0,14.0,5.1,71.4,1.873,2.35,15.1,Moderately drained,Humic Nitisols,Tea/Smallholder,Highly Suitable,Highly Suitable,Moderately Suitable,Highly Suitable,Highly Suitable,Highly Suitable
706,Tana River,Coast,41.8,395.3,33.0,24.9,7.11,74.4,0.486,0.394,1.6,Poorly drained,Eutric Vertisols,Irrigation/Livestock,Not Suitable,Moderately Suitable,Not Suitable,Highly Suitable,Not Suitable,Moderately Suitable
707,Kisii,Nyanza,1613.2,1717.3,23.3,13.4,4.96,75.2,1.293,1.982,11.0,Moderately drained,Humic Nitisols,Tea/Smallholder,Highly Suitable,Highly Suitable,Moderately Suitable,Not Suitable,Highly Suitable,Moderately Suitable
708,Kwale,Coast,196.5,896.9,31.2,20.1,7.37,75.3,0.839,0.714,9.6,Moderately drained,Ferralic Arenosols,Cashew/Coconut,Not Suitable,Moderately Suitable,Moderately Suitable,Highly Suitable,Not Suitable,Highly Suitable
709,Meru,Eastern,1267.2,1307.6,29.0,18.0,5.31,71.3,1.638,2.449,21.5,Moderately drained,Chromic Cambisols,Tea/Miraa,Highly Suitable,Highly Suitable,Moderately Suitable,Highly Suitable,Highly Suitable,Highly Suitable
710,Kirinyaga,Central,2070.5,1604.9,25.6,13.1,5.16,69.4,1.354,2.773,7.3,Well drained,Humic Andosols,Tea/Rice,Highly Suitable,Highly Suitable,Moderately Suitable,Moderately Suitable,Highly Suitable,Highly Suitable
711,Kericho,Rift Valley,1887.3,1935.1,24.5,14.0,4.59,73.6,1.858,4.232,8.0,Well drained,Humic Nitisols,Tea/Forest,Highly Suitable,Moderately Suitable,Moderately Suitable,Moderately Suitable,Highly Suitable,Moderately Suitable
712,Meru,Eastern,1232.6,1119.1,28.7,18.2,6.12,60.4,1.3,1.742,22.4,Moderately drained,Chromic Cambisols,Tea/Miraa,Moderately Suitable,Highly Suitable,Highly Suitable,Highly Suitable,Highly Suitable,Highly Suitable
713,Migori,Nyanza,1166.4,1352.3,24.9,16.6,5.91,73.4,1.024,1.335,4.3,Moderately drained,Ferric Luvisols,Maize/Tea(marginal),Moderately Suitable,Highly Suitable,Moderately Suitable,Highly Suitable,Highly Suitable,Highly Suitable
714,Trans Nzoia,Rift Valley,2265.4,1093.5,20.1,8.6,6.08,62.0,1.414,1.813,1.4,Well drained,Mollic Andosols,Wheat/Maize,Highly Suitable,Highly Suitable,Highly Suitable,Moderately Suitable,Highly Suitable,Highly Suitable
715,Turkana,Rift Valley,1455.8,162.6,36.0,24.2,7.84,29.0,0.164,0.148,1.6,Excessively drained,Haplic Arenosols,Pastoralism,Not Suitable,Not Suitable,Not Suitable,Moderately Suitable,Not Suitable,Not Suitable
716,Mombasa,Coast,55.7,1148.9,32.2,23.6,6.81,83.3,0.535,1.378,2.9,Poorly drained,Calcic Cambisols,Coconut/Cashew,Not Suitable,Highly Suitable,Moderately Suitable,Highly Suitable,Moderately Suitable,Highly Suitable
717,Kitui,Eastern,1219.0,861.1,26.7,18.0,8.9,56.6,0.56,0.836,3.6,Moderately drained,Ferralic Cambisols,Sorghum/Cotton,Not Suitable,Highly Suitable,Moderately Suitable,Highly Suitable,Moderately Suitable,Highly Suitable
718,Makueni,Eastern,729.6,412.3,30.1,18.6,7.89,50.2,0.511,0.718,2.4,Moderately drained,Chromic Luvisols,Sorghum/Mango,Not Suitable,Moderately Suitable,Not Suitable,Highly Suitable,Not Suitable,Moderately Suitable
719,Taita Taveta,Coast,1106.9,876.8,27.2,16.0,6.55,52.6,0.605,1.853,19.5,Well drained,Chromic Cambisols,Horticulture/Sisal,Not Suitable,Highly Suitable,Highly Suitable,Highly Suitable,Moderately Suitable,Highly Suitable
720,Murang'a,Central,1426.0,1540.1,27.7,15.4,5.62,74.7,1.428,2.16,12.6,Moderately drained,Humic Nitisols,Tea/Smallholder,Highly Suitable,Highly Suitable,Moderately Suitable,Highly Suitable,Highly Suitable,Highly Suitable
721,Bomet,Rift Valley,2067.2,1553.4,25.6,14.2,5.26,68.2,2.137,2.072,12.8,Well drained,Humic Nitisols,Tea/Dairy,Highly Suitable,Highly Suitable,Moderately Suitable,Moderately Suitable,Highly Suitable,Highly Suitable
722,Nyeri,Central,2095.8,1307.2,21.4,11.5,4.78,75.2,2.096,2.362,8.3,Well drained,Humic Andosols,Tea/Coffee,Highly Suitable,Moderately Suitable,Moderately Suitable,Not Suitable,Highly Suitable,Highly Suitable
723,Nyandarua,Central,2192.8,1184.6,21.9,8.8,6.21,69.1,1.496,3.361,13.6,Well drained,Humic Andosols,Wheat/Pyrethrum,Highly Suitable,Highly Suitable,Highly Suitable,Moderately Suitable,Highly Suitable,Highly Suitable
724,Kisii,Nyanza,1403.5,1629.7,23.9,16.3,5.11,78.3,1.101,2.023,8.6,Moderately drained,Humic Nitisols,Tea/Smallholder,Highly Suitable,Highly Suitable,Moderately Suitable,Moderately Suitable,Highly Suitable,Highly Suitable
725,Vihiga,Western,1857.7,1828.0,25.2,17.0,5.37,70.6,1.31,2.01,7.0,Moderately drained,Ferric Luvisols,Tea/Maize,Highly Suitable,Highly Suitable,Moderately Suitable,Moderately Suitable,Highly Suitable,Highly Suitable
726,Nandi,Rift Valley,2090.9,1830.8,21.3,14.7,5.23,75.2,2.091,2.798,3.7,Well drained,Humic Nitisols,Tea/Maize,Highly Suitable,Moderately Suitable,Highly Suitable,Not Suitable,Highly Suitable,Highly Suitable
727,Nyandarua,Central,2165.5,1100.5,18.1,8.4,6.19,68.8,1.94,2.087,7.4,Well drained,Humic Andosols,Wheat/Pyrethrum,Highly Suitable,Highly Suitable,Highly Suitable,Moderately Suitable,Highly Suitable,Highly Suitable
728,Murang'a,Central,1670.2,1580.3,24.2,15.7,5.64,75.2,1.435,2.479,6.1,Moderately drained,Humic Nitisols,Tea/Smallholder,Highly Suitable,Highly Suitable,Highly Suitable,Moderately Suitable,Highly Suitable,Highly Suitable
729,Laikipia,Central,2280.1,777.6,23.6,15.5,7.67,51.5,0.701,1.145,4.9,Well drained,Chromic Luvisols,Livestock/Wheat,Not Suitable,Moderately Suitable,Highly Suitable,Highly Suitable,Not Suitable,Moderately Suitable
730,Kirinyaga,Central,1449.4,1109.0,21.2,13.4,4.74,75.6,1.647,2.653,7.0,Well drained,Humic Andosols,Tea/Rice,Highly Suitable,Highly Suitable,Moderately Suitable,Moderately Suitable,Highly Suitable,Highly Suitable
731,Kakamega,Western,1573.8,1949.0,26.7,17.6,5.44,79.1,1.742,2.388,7.6,Moderately drained,Ferric Luvisols,Tea/Sugarcane,Highly Suitable,Highly Suitable,Moderately Suitable,Moderately Suitable,Highly Suitable,Highly Suitable
732,Nandi,Rift Valley,1625.6,1582.1,23.6,13.5,4.93,74.6,2.247,2.073,6.0,Well drained,Humic Nitisols,Tea/Maize,Highly Suitable,Highly Suitable,Moderately Suitable,Moderately Suitable,Highly Suitable,Highly Suitable
733,Nyeri,Central,2087.1,1821.2,21.1,12.5,5.39,69.0,2.537,3.576,6.0,Well drained,Humic Andosols,Tea/Coffee,Highly Suitable,Moderately Suitable,Highly Suitable,Moderately Suitable,Highly Suitable,Highly Suitable
734,Kiambu,Central,1864.9,1493.6,22.6,12.1,5.99,71.7,1.096,1.845,3.2,Moderately drained,Humic Nitisols,Tea/Horticulture,Highly Suitable,Highly Suitable,Highly Suitable,Moderately Suitable,Highly Suitable,Highly Suitable
735,Laikipia,Central,2139.4,558.3,25.5,11.6,8.25,45.7,0.948,1.35,3.1,Well drained,Chromic Luvisols,Livestock/Wheat,Not Suitable,Moderately Suitable,Highly Suitable,Highly Suitable,Not Suitable,Highly Suitable
736,Meru,Eastern,1467.5,1004.1,30.1,17.5,6.43,58.6,1.065,2.083,10.9,Moderately drained,Chromic Cambisols,Tea/Miraa,Not Suitable,Highly Suitable,Highly Suitable,Highly Suitable,Highly Suitable,Highly Suitable
737,Tharaka Nithi,Eastern,1693.9,885.5,23.7,19.8,5.55,66.8,0.725,0.645,23.4,Moderately drained,Chromic Cambisols,Mango/Miraa,Moderately Suitable,Highly Suitable,Highly Suitable,Highly Suitable,Highly Suitable,Highly Suitable
738,Kwale,Coast,351.3,987.4,28.4,21.3,6.41,74.0,0.695,0.843,0.1,Moderately drained,Ferralic Arenosols,Cashew/Coconut,Not Suitable,Highly Suitable,Moderately Suitable,Highly Suitable,Moderately Suitable,Highly Suitable
739,Trans Nzoia,Rift Valley,2356.0,1174.4,22.3,11.7,6.44,65.9,0.993,1.892,3.9,Well drained,Mollic Andosols,Wheat/Maize,Moderately Suitable,Highly Suitable,Highly Suitable,Moderately Suitable,Highly Suitable,Highly Suitable
740,Tharaka Nithi,Eastern,1519.6,748.6,22.7,18.3,5.82,59.6,0.833,1.139,19.2,Moderately drained,Chromic Cambisols,Mango/Miraa,Moderately Suitable,Highly Suitable,Highly Suitable,Highly Suitable,Moderately Suitable,Highly Suitable
741,Meru,Eastern,1574.7,1231.8,26.9,18.7,5.76,60.6,1.655,2.589,14.3,Moderately drained,Chromic Cambisols,Tea/Miraa,Highly Suitable,Highly Suitable,Highly Suitable,Highly Suitable,Highly Suitable,Highly Suitable
742,Trans Nzoia,Rift Valley,1847.7,1245.1,18.5,10.1,6.37,64.8,1.264,2.995,1.9,Well drained,Mollic Andosols,Wheat/Maize,Moderately Suitable,Highly Suitable,Highly Suitable,Moderately Suitable,Highly Suitable,Highly Suitable
743,Homa Bay,Nyanza,1144.5,1341.4,30.8,16.2,5.66,60.7,0.801,1.309,5.8,Moderately drained,Chromic Luvisols,Maize/Sorghum,Not Suitable,Highly Suitable,Moderately Suitable,Highly Suitable,Highly Suitable,Highly Suitable
744,Meru,Eastern,990.6,1101.9,30.0,18.2,5.72,62.9,1.198,1.476,9.1,Moderately drained,Chromic Cambisols,Tea/Miraa,Not Suitable,Highly Suitable,Moderately Suitable,Highly Suitable,Moderately Suitable,Highly Suitable
745,Bomet,Rift Valley,2090.3,1317.4,21.7,14.4,5.35,68.3,1.993,2.958,4.1,Well drained,Humic Nitisols,Tea/Dairy,Highly Suitable,Highly Suitable,Highly Suitable,Moderately Suitable,Highly Suitable,Highly Suitable
746,Nyeri,Central,2327.1,1705.7,23.6,11.7,5.24,69.2,2.144,2.212,9.9,Well drained,Humic Andosols,Tea/Coffee,Highly Suitable,Highly Suitable,Highly Suitable,Moderately Suitable,Highly Suitable,Moderately Suitable
747,Kericho,Rift Valley,2125.6,1710.8,22.2,13.8,5.23,79.0,2.37,2.694,8.2,Well drained,Humic Nitisols,Tea/Forest,Highly Suitable,Highly Suitable,Highly Suitable,Not Suitable,Highly Suitable,Highly Suitable
748,Kisii,Nyanza,1752.5,1766.8,26.5,14.0,5.63,71.7,1.148,2.72,12.1,Moderately drained,Humic Nitisols,Tea/Smallholder,Highly Suitable,Highly Suitable,Highly Suitable,Highly Suitable,Highly Suitable,Highly Suitable
749,Murang'a,Central,1516.8,1425.6,24.6,16.3,5.55,73.5,1.211,2.507,10.7,Moderately drained,Humic Nitisols,Tea/Smallholder,Highly Suitable,Highly Suitable,Highly Suitable,Moderately Suitable,Highly Suitable,Highly Suitable
750,Nairobi,Nairobi,1649.4,786.9,21.9,13.0,5.68,63.0,1.115,1.684,2.5,Moderately drained,Chromic Luvisols,Urban/Horticulture,Moderately Suitable,Highly Suitable,Highly Suitable,Highly Suitable,Highly Suitable,Highly Suitable
751,Baringo,Rift Valley,1940.6,1001.9,32.3,19.8,6.63,61.5,0.637,1.38,10.6,Moderately drained,Eutric Vertisols,Maize/Livestock,Not Suitable,Highly Suitable,Highly Suitable,Highly Suitable,Moderately Suitable,Highly Suitable
752,Nyeri,Central,2441.0,1466.8,19.4,11.9,4.78,70.8,1.907,3.806,13.1,Well drained,Humic Andosols,Tea/Coffee,Highly Suitable,Moderately Suitable,Moderately Suitable,Not Suitable,Moderately Suitable,Moderately Suitable
753,Kajiado,Rift Valley,1182.1,657.0,34.0,16.1,7.59,35.6,0.728,0.312,11.4,Excessively drained,Calcic Cambisols,Livestock/Hort,Not Suitable,Moderately Suitable,Not Suitable,Highly Suitable,Not Suitable,Moderately Suitable
754,Elgeyo Marakwet,Rift Valley,2557.1,1193.9,19.4,9.4,5.9,67.4,1.191,1.687,27.1,Well drained,Eutric Vertisols,Maize/Wheat,Moderately Suitable,Highly Suitable,Highly Suitable,Moderately Suitable,Highly Suitable,Highly Suitable
755,Murang'a,Central,1646.6,1602.8,27.3,14.4,4.98,73.6,1.475,3.198,9.9,Moderately drained,Humic Nitisols,Tea/Smallholder,Highly Suitable,Highly Suitable,Moderately Suitable,Moderately Suitable,Highly Suitable,Moderately Suitable
756,Kisii,Nyanza,1630.4,1822.1,27.2,15.8,4.94,78.4,1.704,2.685,10.4,Moderately drained,Humic Nitisols,Tea/Smallholder,Highly Suitable,Moderately Suitable,Moderately Suitable,Moderately Suitable,Moderately Suitable,Moderately Suitable
757,Wajir,North Eastern,374.0,342.9,33.9,24.1,8.14,36.7,0.105,0.194,2.5,Excessively drained,Haplic Arenosols,Pastoralism,Not Suitable,Not Suitable,Not Suitable,Moderately Suitable,Not Suitable,Not Suitable
758,Kajiado,Rift Valley,1856.2,534.9,32.0,14.8,7.2,54.9,0.65,0.88,4.9,Excessively drained,Calcic Cambisols,Livestock/Hort,Not Suitable,Moderately Suitable,Highly Suitable,Highly Suitable,Not Suitable,Highly Suitable
759,Trans Nzoia,Rift Valley,1941.7,963.4,23.6,11.0,6.55,63.8,1.175,1.855,1.7,Well drained,Mollic Andosols,Wheat/Maize,Moderately Suitable,Highly Suitable,Highly Suitable,Highly Suitable,Highly Suitable,Highly Suitable
760,Nandi,Rift Valley,1717.8,1725.4,24.9,12.4,5.39,76.1,1.737,2.204,4.8,Well drained,Humic Nitisols,Tea/Maize,Highly Suitable,Highly Suitable,Moderately Suitable,Moderately Suitable,Highly Suitable,Highly Suitable
761,Isiolo,Eastern,1005.0,505.9,33.5,21.7,7.22,48.7,0.254,0.24,9.8,Excessively drained,Chromic Luvisols,Livestock,Not Suitable,Moderately Suitable,Moderately Suitable,Highly Suitable,Not Suitable,Moderately Suitable
762,Embu,Eastern,1912.9,1245.2,26.0,16.9,5.09,63.2,1.576,1.795,6.6,Moderately drained,Chromic Cambisols,Coffee/Tea,Highly Suitable,Highly Suitable,Highly Suitable,Moderately Suitable,Highly Suitable,Highly Suitable
763,Mombasa,Coast,73.3,827.7,32.9,26.6,7.04,72.8,0.626,1.213,3.4,Poorly drained,Calcic Cambisols,Coconut/Cashew,Not Suitable,Highly Suitable,Moderately Suitable,Highly Suitable,Not Suitable,Highly Suitable
764,Elgeyo Marakwet,Rift Valley,2044.6,1102.7,19.0,13.9,5.99,59.3,1.31,1.464,29.2,Well drained,Eutric Vertisols,Maize/Wheat,Moderately Suitable,Highly Suitable,Highly Suitable,Moderately Suitable,Highly Suitable,Highly Suitable
765,Kakamega,Western,1742.9,2069.4,25.4,17.9,5.2,75.0,1.429,2.841,7.2,Moderately drained,Ferric Luvisols,Tea/Sugarcane,Highly Suitable,Highly Suitable,Moderately Suitable,Moderately Suitable,Highly Suitable,Highly Suitable
766,Vihiga,Western,1495.5,1732.2,25.2,14.2,5.33,78.5,1.699,1.781,6.5,Moderately drained,Ferric Luvisols,Tea/Maize,Highly Suitable,Highly Suitable,Moderately Suitable,Moderately Suitable,Highly Suitable,Highly Suitable
767,Murang'a,Central,1752.9,1475.0,25.9,13.3,5.36,71.2,1.761,2.826,13.5,Moderately drained,Humic Nitisols,Tea/Smallholder,Highly Suitable,Highly Suitable,Moderately Suitable,Moderately Suitable,Highly Suitable,Highly Suitable
768,Nyeri,Central,1794.1,1583.6,21.3,12.6,4.53,74.6,2.599,2.296,19.7,Well drained,Humic Andosols,Tea/Coffee,Highly Suitable,Highly Suitable,Moderately Suitable,Moderately Suitable,Highly Suitable,Highly Suitable
769,Nyeri,Central,1870.9,1659.4,18.9,12.3,4.86,74.2,1.646,3.943,19.6,Well drained,Humic Andosols,Tea/Coffee,Highly Suitable,Moderately Suitable,Moderately Suitable,Not Suitable,Highly Suitable,Moderately Suitable
770,Mombasa,Coast,42.6,964.9,28.1,24.2,8.09,80.2,0.618,1.41,0.1,Poorly drained,Calcic Cambisols,Coconut/Cashew,Not Suitable,Moderately Suitable,Not Suitable,Moderately Suitable,Not Suitable,Moderately Suitable
771,Machakos,Eastern,1926.1,668.5,31.9,19.9,6.56,45.8,0.823,0.951,4.7,Moderately drained,Chromic Luvisols,Maize/Beans,Not Suitable,Highly Suitable,Highly Suitable,Highly Suitable,Not Suitable,Highly Suitable
772,Mandera,North Eastern,575.2,314.6,41.7,22.7,7.89,33.5,0.104,0.176,1.6,Excessively drained,Haplic Arenosols,Pastoralism,Not Suitable,Not Suitable,Not Suitable,Moderately Suitable,Not Suitable,Not Suitable
773,Murang'a,Central,1910.9,1364.6,27.0,13.5,5.64,69.2,2.078,3.276,15.3,Moderately drained,Humic Nitisols,Tea/Smallholder,Highly Suitable,Highly Suitable,Highly Suitable,Highly Suitable,Highly Suitable,Highly Suitable
774,Kericho,Rift Valley,1734.7,1613.1,21.2,11.5,5.02,72.7,2.119,4.19,2.2,Well drained,Humic Nitisols,Tea/Forest,Highly Suitable,Highly Suitable,Highly Suitable,Moderately Suitable,Highly Suitable,Highly Suitable
775,West Pokot,Rift Valley,2149.1,999.8,25.4,17.3,6.57,53.5,0.865,1.812,21.1,Moderately drained,Chromic Luvisols,Sorghum/Livestock,Moderately Suitable,Highly Suitable,Highly Suitable,Highly Suitable,Moderately Suitable,Highly Suitable
776,Nandi,Rift Valley,1939.5,1511.1,21.2,12.0,5.05,70.5,1.996,3.194,7.0,Well drained,Humic Nitisols,Tea/Maize,Highly Suitable,Highly Suitable,Highly Suitable,Moderately Suitable,Highly Suitable,Highly Suitable
777,Kericho,Rift Valley,1786.6,1761.8,22.3,14.1,4.98,72.5,2.175,3.752,7.0,Well drained,Humic Nitisols,Tea/Forest,Highly Suitable,Highly Suitable,Moderately Suitable,Moderately Suitable,Highly Suitable,Moderately Suitable
778,Nyamira,Nyanza,1700.4,1612.5,23.3,14.5,5.06,72.8,1.806,1.995,9.1,Moderately drained,Humic Nitisols,Tea/Banana,Highly Suitable,Highly Suitable,Highly Suitable,Moderately Suitable,Highly Suitable,Highly Suitable
779,Nakuru,Rift Valley,2087.3,1005.4,20.1,13.9,7.21,57.0,0.669,0.909,14.0,Well drained,Eutric Vertisols,Wheat/Pyrethrum,Moderately Suitable,Highly Suitable,Highly Suitable,Moderately Suitable,Moderately Suitable,Highly Suitable
780,Marsabit,Eastern,1123.8,392.6,33.7,18.0,7.06,42.7,0.486,0.45,11.6,Excessively drained,Chromic Cambisols,Livestock,Not Suitable,Not Suitable,Not Suitable,Highly Suitable,Not Suitable,Moderately Suitable
781,Nyandarua,Central,2260.1,1364.3,19.5,11.0,5.55,63.4,1.674,1.516,8.2,Well drained,Humic Andosols,Wheat/Pyrethrum,Highly Suitable,Highly Suitable,Highly Suitable,Moderately Suitable,Highly Suitable,Highly Suitable
782,Trans Nzoia,Rift Valley,2243.7,1293.7,21.7,11.9,6.34,65.0,1.571,2.312,5.2,Well drained,Mollic Andosols,Wheat/Maize,Highly Suitable,Highly Suitable,Highly Suitable,Moderately Suitable,Highly Suitable,Highly Suitable
783,Trans Nzoia,Rift Valley,2235.5,986.9,22.0,12.1,5.58,66.0,1.383,1.878,3.2,Well drained,Mollic Andosols,Wheat/Maize,Highly Suitable,Highly Suitable,Highly Suitable,Moderately Suitable,Highly Suitable,Highly Suitable
784,Kericho,Rift Valley,1862.7,1903.7,24.1,15.2,5.01,77.7,1.894,3.235,4.7,Well drained,Humic Nitisols,Tea/Forest,Highly Suitable,Highly Suitable,Moderately Suitable,Moderately Suitable,Highly Suitable,Highly Suitable
785,Taita Taveta,Coast,1179.4,620.2,28.1,19.6,6.52,69.4,0.731,0.812,23.6,Well drained,Chromic Cambisols,Horticulture/Sisal,Not Suitable,Highly Suitable,Moderately Suitable,Highly Suitable,Not Suitable,Highly Suitable
786,Narok,Rift Valley,1965.7,680.9,20.7,13.0,6.41,59.7,0.773,1.157,5.2,Well drained,Mollic Vertisols,Wheat/Livestock,Not Suitable,Highly Suitable,Highly Suitable,Highly Suitable,Moderately Suitable,Highly Suitable
787,Makueni,Eastern,1510.1,393.4,32.0,15.1,7.75,47.3,0.606,0.957,7.5,Moderately drained,Chromic Luvisols,Sorghum/Mango,Not Suitable,Not Suitable,Moderately Suitable,Highly Suitable,Not Suitable,Moderately Suitable
788,Marsabit,Eastern,1116.5,262.4,28.1,19.2,8.31,46.1,0.401,0.736,14.1,Excessively drained,Chromic Cambisols,Livestock,Not Suitable,Moderately Suitable,Not Suitable,Highly Suitable,Not Suitable,Moderately Suitable
789,Meru,Eastern,1674.5,952.5,28.9,14.4,5.7,69.3,1.233,2.795,16.2,Moderately drained,Chromic Cambisols,Tea/Miraa,Highly Suitable,Highly Suitable,Highly Suitable,Highly Suitable,Highly Suitable,Highly Suitable
790,Kisii,Nyanza,1805.9,1406.3,26.5,15.7,5.6,79.3,1.118,1.761,18.3,Moderately drained,Humic Nitisols,Tea/Smallholder,Highly Suitable,Highly Suitable,Highly Suitable,Moderately Suitable,Highly Suitable,Highly Suitable
791,Homa Bay,Nyanza,1456.2,1110.7,30.6,16.2,6.2,65.7,0.7,0.823,2.2,Moderately drained,Chromic Luvisols,Maize/Sorghum,Not Suitable,Highly Suitable,Moderately Suitable,Highly Suitable,Highly Suitable,Highly Suitable
792,Kirinyaga,Central,1972.1,1466.0,20.3,12.8,5.24,72.5,1.573,3.401,6.0,Well drained,Humic Andosols,Tea/Rice,Highly Suitable,Highly Suitable,Highly Suitable,Moderately Suitable,Highly Suitable,Highly Suitable
793,Vihiga,Western,1464.5,1642.7,27.4,14.2,5.78,77.6,1.298,1.451,6.3,Moderately drained,Ferric Luvisols,Tea/Maize,Moderately Suitable,Highly Suitable,Moderately Suitable,Highly Suitable,Highly Suitable,Highly Suitable
794,Vihiga,Western,1560.1,1811.8,24.5,15.5,5.3,70.4,1.378,1.771,13.9,Moderately drained,Ferric Luvisols,Tea/Maize,Highly Suitable,Highly Suitable,Moderately Suitable,Moderately Suitable,Highly Suitable,Highly Suitable
795,Bomet,Rift Valley,1665.5,1497.7,26.5,12.2,5.3,71.4,1.831,3.672,6.7,Well drained,Humic Nitisols,Tea/Dairy,Highly Suitable,Highly Suitable,Moderately Suitable,Moderately Suitable,Highly Suitable,Highly Suitable
796,Kakamega,Western,1522.5,1971.4,26.0,17.2,5.83,81.6,1.942,2.146,4.6,Moderately drained,Ferric Luvisols,Tea/Sugarcane,Highly Suitable,Highly Suitable,Moderately Suitable,Moderately Suitable,Highly Suitable,Highly Suitable
797,Kitui,Eastern,1364.4,560.5,35.3,19.9,7.7,53.7,0.611,0.688,5.2,Moderately drained,Ferralic Cambisols,Sorghum/Cotton,Not Suitable,Moderately Suitable,Moderately Suitable,Highly Suitable,Not Suitable,Moderately Suitable
798,Kakamega,Western,1728.8,1734.0,28.4,17.9,5.23,78.2,1.501,2.689,6.6,Moderately drained,Ferric Luvisols,Tea/Sugarcane,Highly Suitable,Highly Suitable,Moderately Suitable,Moderately Suitable,Highly Suitable,Moderately Suitable
799,Bomet,Rift Valley,1767.2,1393.3,24.3,12.6,5.14,76.1,2.084,2.277,4.6,Well drained,Humic Nitisols,Tea/Dairy,Highly Suitable,Highly Suitable,Moderately Suitable,Moderately Suitable,Highly Suitable,Highly Suitable
800,Kirinyaga,Central,1899.2,1255.1,22.9,11.3,5.06,68.4,2.022,1.897,9.0,Well drained,Humic Andosols,Tea/Rice,Highly Suitable,Highly Suitable,Highly Suitable,Moderately Suitable,Highly Suitable,Highly Suitable
801,Makueni,Eastern,1554.1,494.2,30.9,17.7,7.3,55.7,0.781,0.501,8.7,Moderately drained,Chromic Luvisols,Sorghum/Mango,Not Suitable,Moderately Suitable,Highly Suitable,Highly Suitable,Not Suitable,Highly Suitable
802,Murang'a,Central,1992.7,1288.3,26.3,14.6,5.25,72.9,1.892,3.485,5.8,Moderately drained,Humic Nitisols,Tea/Smallholder,Highly Suitable,Highly Suitable,Highly Suitable,Moderately Suitable,Highly Suitable,Highly Suitable
803,Kericho,Rift Valley,2016.8,1845.1,21.4,15.2,4.66,73.9,1.841,3.682,8.8,Well drained,Humic Nitisols,Tea/Forest,Highly Suitable,Moderately Suitable,Moderately Suitable,Not Suitable,Moderately Suitable,Moderately Suitable
804,Samburu,Rift Valley,1401.5,431.2,34.7,22.4,7.63,48.5,0.241,0.703,4.7,Excessively drained,Chromic Luvisols,Pastoralism,Not Suitable,Not Suitable,Not Suitable,Highly Suitable,Not Suitable,Moderately Suitable
805,Kajiado,Rift Valley,782.3,275.8,32.6,12.7,8.03,53.3,0.325,0.899,1.9,Excessively drained,Calcic Cambisols,Livestock/Hort,Not Suitable,Moderately Suitable,Not Suitable,Highly Suitable,Not Suitable,Not Suitable
806,Kilifi,Coast,39.8,930.9,31.6,23.0,7.79,75.9,0.466,1.23,5.2,Moderately drained,Ferralic Arenosols,Cashew/Cassava,Not Suitable,Moderately Suitable,Moderately Suitable,Highly Suitable,Not Suitable,Highly Suitable
807,Taita Taveta,Coast,1080.8,932.0,31.7,16.6,6.97,54.7,0.733,0.888,20.8,Well drained,Chromic Cambisols,Horticulture/Sisal,Not Suitable,Highly Suitable,Moderately Suitable,Highly Suitable,Not Suitable,Highly Suitable
808,Embu,Eastern,1524.5,1116.5,27.6,16.3,5.61,69.2,1.182,2.161,13.7,Moderately drained,Chromic Cambisols,Coffee/Tea,Highly Suitable,Highly Suitable,Highly Suitable,Highly Suitable,Highly Suitable,Highly Suitable
809,Nandi,Rift Valley,1963.4,1635.2,26.4,13.2,5.08,78.8,1.903,2.268,3.3,Well drained,Humic Nitisols,Tea/Maize,Highly Suitable,Highly Suitable,Moderately Suitable,Moderately Suitable,Highly Suitable,Highly Suitable
810,Kiambu,Central,1540.4,1179.1,23.2,15.9,5.7,66.2,1.464,1.681,8.3,Moderately drained,Humic Nitisols,Tea/Horticulture,Highly Suitable,Highly Suitable,Highly Suitable,Moderately Suitable,Highly Suitable,Highly Suitable
811,Wajir,North Eastern,247.5,264.3,34.1,25.3,8.11,29.6,0.287,0.106,1.3,Excessively drained,Haplic Arenosols,Pastoralism,Not Suitable,Not Suitable,Not Suitable,Moderately Suitable,Not Suitable,Not Suitable
812,Migori,Nyanza,1251.3,1156.3,28.9,17.8,5.61,68.9,0.743,1.25,6.9,Moderately drained,Ferric Luvisols,Maize/Tea(marginal),Moderately Suitable,Highly Suitable,Moderately Suitable,Highly Suitable,Highly Suitable,Highly Suitable
813,Kiambu,Central,1901.5,1487.4,23.2,12.4,6.01,67.3,1.678,2.661,3.7,Moderately drained,Humic Nitisols,Tea/Horticulture,Highly Suitable,Highly Suitable,Highly Suitable,Moderately Suitable,Highly Suitable,Highly Suitable
814,Lamu,Coast,50.7,818.9,34.9,27.1,7.14,76.7,0.312,0.402,0.9,Poorly drained,Gleyic Cambisols,Coconut/Fishing,Not Suitable,Moderately Suitable,Moderately Suitable,Highly Suitable,Not Suitable,Moderately Suitable
815,West Pokot,Rift Valley,1166.9,1217.3,27.1,10.7,6.45,53.5,0.836,0.822,15.0,Moderately drained,Chromic Luvisols,Sorghum/Livestock,Not Suitable,Highly Suitable,Moderately Suitable,Highly Suitable,Moderately Suitable,Highly Suitable
816,Meru,Eastern,1467.0,932.7,25.5,18.0,5.85,58.1,1.604,2.391,16.0,Moderately drained,Chromic Cambisols,Tea/Miraa,Moderately Suitable,Highly Suitable,Highly Suitable,Highly Suitable,Highly Suitable,Highly Suitable
817,Tharaka Nithi,Eastern,1358.9,1212.0,22.8,18.1,6.24,58.1,0.782,0.691,18.9,Moderately drained,Chromic Cambisols,Mango/Miraa,Moderately Suitable,Highly Suitable,Highly Suitable,Highly Suitable,Highly Suitable,Highly Suitable
818,Kericho,Rift Valley,2177.4,1859.3,23.7,14.1,4.82,74.5,2.156,4.016,2.1,Well drained,Humic Nitisols,Tea/Forest,Highly Suitable,Moderately Suitable,Moderately Suitable,Not Suitable,Moderately Suitable,Moderately Suitable
819,Bungoma,Western,1737.1,1303.4,25.1,15.0,6.14,69.1,1.325,1.931,7.4,Moderately drained,Ferric Luvisols,Sugarcane/Maize,Highly Suitable,Highly Suitable,Highly Suitable,Highly Suitable,Highly Suitable,Highly Suitable
820,Kilifi,Coast,19.4,1039.4,30.6,26.2,7.16,70.2,0.559,0.82,4.5,Moderately drained,Ferralic Arenosols,Cashew/Cassava,Not Suitable,Highly Suitable,Moderately Suitable,Highly Suitable,Not Suitable,Highly Suitable
821,Elgeyo Marakwet,Rift Valley,2500.7,1301.7,21.3,13.7,5.6,66.6,1.239,2.646,28.0,Well drained,Eutric Vertisols,Maize/Wheat,Highly Suitable,Highly Suitable,Highly Suitable,Moderately Suitable,Highly Suitable,Highly Suitable
822,Tana River,Coast,160.7,686.1,36.8,23.7,8.65,63.6,0.531,0.694,0.9,Poorly drained,Eutric Vertisols,Irrigation/Livestock,Not Suitable,Moderately Suitable,Not Suitable,Highly Suitable,Not Suitable,Moderately Suitable
823,Kitui,Eastern,1065.3,540.1,27.9,22.5,6.79,47.4,0.669,0.43,19.6,Moderately drained,Ferralic Cambisols,Sorghum/Cotton,Not Suitable,Highly Suitable,Moderately Suitable,Highly Suitable,Not Suitable,Highly Suitable
824,Nyamira,Nyanza,1840.4,1308.6,23.3,13.9,4.9,75.4,1.935,2.193,9.4,Moderately drained,Humic Nitisols,Tea/Banana,Highly Suitable,Highly Suitable,Moderately Suitable,Not Suitable,Highly Suitable,Highly Suitable
825,Garissa,North Eastern,309.5,290.8,33.0,23.8,8.96,39.6,0.219,0.229,1.8,Excessively drained,Haplic Arenosols,Livestock,Not Suitable,Not Suitable,Not Suitable,Moderately Suitable,Not Suitable,Not Suitable
826,West Pokot,Rift Valley,2152.4,1370.5,27.1,11.2,5.93,66.8,0.747,0.887,22.6,Moderately drained,Chromic Luvisols,Sorghum/Livestock,Moderately Suitable,Highly Suitable,Moderately Suitable,Moderately Suitable,Moderately Suitable,Highly Suitable
827,Bungoma,Western,1596.8,1734.5,24.6,14.6,6.38,77.0,1.549,2.417,2.9,Moderately drained,Ferric Luvisols,Sugarcane/Maize,Highly Suitable,Highly Suitable,Highly Suitable,Moderately Suitable,Highly Suitable,Highly Suitable
828,Murang'a,Central,1543.5,1247.0,22.5,14.2,4.97,72.6,1.262,2.666,18.0,Moderately drained,Humic Nitisols,Tea/Smallholder,Highly Suitable,Highly Suitable,Highly Suitable,Moderately Suitable,Highly Suitable,Highly Suitable
829,Bomet,Rift Valley,1748.0,1481.3,26.6,12.2,5.4,73.8,1.908,2.901,3.8,Well drained,Humic Nitisols,Tea/Dairy,Highly Suitable,Highly Suitable,Moderately Suitable,Moderately Suitable,Highly Suitable,Highly Suitable
830,Kirinyaga,Central,1684.3,1514.2,20.3,11.8,5.44,66.6,1.543,3.27,5.9,Well drained,Humic Andosols,Tea/Rice,Highly Suitable,Highly Suitable,Highly Suitable,Moderately Suitable,Highly Suitable,Highly Suitable
831,Elgeyo Marakwet,Rift Valley,1545.7,997.5,22.0,11.3,5.59,61.7,1.576,1.866,13.7,Well drained,Eutric Vertisols,Maize/Wheat,Highly Suitable,Highly Suitable,Highly Suitable,Highly Suitable,Highly Suitable,Highly Suitable
832,Bungoma,Western,1848.8,1309.9,23.5,13.3,6.43,69.9,1.333,1.884,8.0,Moderately drained,Ferric Luvisols,Sugarcane/Maize,Highly Suitable,Highly Suitable,Highly Suitable,Moderately Suitable,Highly Suitable,Highly Suitable
833,Tharaka Nithi,Eastern,1327.8,1145.3,31.8,15.6,6.02,62.0,1.149,1.682,6.8,Moderately drained,Chromic Cambisols,Mango/Miraa,Moderately Suitable,Highly Suitable,Highly Suitable,Highly Suitable,Highly Suitable,Highly Suitable
834,Vihiga,Western,1692.8,1392.2,26.7,15.9,5.36,70.5,1.704,2.737,8.1,Moderately drained,Ferric Luvisols,Tea/Maize,Highly Suitable,Highly Suitable,Moderately Suitable,Moderately Suitable,Highly Suitable,Highly Suitable
835,Bomet,Rift Valley,2051.2,1354.0,25.0,14.6,5.44,76.2,1.91,3.183,12.9,Well drained,Humic Nitisols,Tea/Dairy,Highly Suitable,Highly Suitable,Moderately Suitable,Moderately Suitable,Highly Suitable,Highly Suitable
836,Kirinyaga,Central,2022.4,1576.0,21.0,11.4,5.3,69.1,1.632,1.853,7.1,Well drained,Humic Andosols,Tea/Rice,Highly Suitable,Highly Suitable,Highly Suitable,Moderately Suitable,Highly Suitable,Highly Suitable
837,Kirinyaga,Central,1625.3,1644.7,19.8,13.9,5.26,71.8,2.19,2.33,8.1,Well drained,Humic Andosols,Tea/Rice,Highly Suitable,Highly Suitable,Highly Suitable,Moderately Suitable,Highly Suitable,Highly Suitable
838,Nandi,Rift Valley,1647.6,1523.3,22.6,12.1,4.71,79.0,1.58,3.049,7.9,Well drained,Humic Nitisols,Tea/Maize,Highly Suitable,Highly Suitable,Moderately Suitable,Not Suitable,Highly Suitable,Highly Suitable
839,Homa Bay,Nyanza,1109.1,1275.1,31.7,18.0,6.37,71.9,1.065,1.088,3.9,Moderately drained,Chromic Luvisols,Maize/Sorghum,Not Suitable,Highly Suitable,Moderately Suitable,Highly Suitable,Moderately Suitable,Highly Suitable
840,Tana River,Coast,208.0,632.2,33.1,23.2,7.58,65.1,0.413,0.683,4.0,Poorly drained,Eutric Vertisols,Irrigation/Livestock,Not Suitable,Moderately Suitable,Not Suitable,Highly Suitable,Not Suitable,Moderately Suitable
841,Kisii,Nyanza,1699.6,1658.7,24.4,13.0,5.27,72.9,1.761,1.541,13.8,Moderately drained,Humic Nitisols,Tea/Smallholder,Highly Suitable,Highly Suitable,Moderately Suitable,Moderately Suitable,Highly Suitable,Highly Suitable
842,Narok,Rift Valley,2041.3,667.3,23.0,12.6,7.29,52.9,0.822,0.913,2.9,Well drained,Mollic Vertisols,Wheat/Livestock,Not Suitable,Highly Suitable,Highly Suitable,Highly Suitable,Not Suitable,Highly Suitable
843,Kwale,Coast,552.1,825.5,31.6,25.1,6.53,80.3,0.311,1.452,11.2,Moderately drained,Ferralic Arenosols,Cashew/Coconut,Not Suitable,Highly Suitable,Moderately Suitable,Highly Suitable,Not Suitable,Highly Suitable
844,Uasin Gishu,Rift Valley,2238.2,919.0,18.6,8.2,5.94,59.6,0.982,1.701,7.6,Well drained,Mollic Andosols,Wheat/Maize,Moderately Suitable,Highly Suitable,Highly Suitable,Moderately Suitable,Moderately Suitable,Highly Suitable
845,Nandi,Rift Valley,2017.2,1777.5,23.2,14.3,4.67,76.0,1.73,2.241,3.9,Well drained,Humic Nitisols,Tea/Maize,Highly Suitable,Moderately Suitable,Moderately Suitable,Not Suitable,Highly Suitable,Moderately Suitable
846,Bomet,Rift Valley,1945.5,1386.1,21.9,12.7,4.97,72.3,2.148,2.216,11.1,Well drained,Humic Nitisols,Tea/Dairy,Highly Suitable,Highly Suitable,Moderately Suitable,Moderately Suitable,Highly Suitable,Highly Suitable
847,Embu,Eastern,1620.9,1433.7,23.2,15.7,5.13,62.6,1.309,1.895,8.4,Moderately drained,Chromic Cambisols,Coffee/Tea,Highly Suitable,Highly Suitable,Highly Suitable,Moderately Suitable,Highly Suitable,Highly Suitable
848,Embu,Eastern,1368.8,1550.5,20.7,16.2,5.55,64.6,1.107,2.735,5.0,Moderately drained,Chromic Cambisols,Coffee/Tea,Highly Suitable,Highly Suitable,Highly Suitable,Highly Suitable,Highly Suitable,Highly Suitable
849,Taita Taveta,Coast,1621.4,932.1,33.6,17.5,6.71,61.5,1.246,0.799,14.0,Well drained,Chromic Cambisols,Horticulture/Sisal,Moderately Suitable,Highly Suitable,Highly Suitable,Highly Suitable,Moderately Suitable,Highly Suitable
850,Nandi,Rift Valley,1591.5,1682.1,24.6,12.7,5.2,79.3,2.426,2.902,4.4,Well drained,Humic Nitisols,Tea/Maize,Highly Suitable,Highly Suitable,Moderately Suitable,Moderately Suitable,Highly Suitable,Highly Suitable
851,Kajiado,Rift Valley,1151.2,827.4,31.5,12.4,7.32,47.5,0.234,0.321,6.0,Excessively drained,Calcic Cambisols,Livestock/Hort,Not Suitable,Moderately Suitable,Moderately Suitable,Highly Suitable,Not Suitable,Moderately Suitable
852,Taita Taveta,Coast,1245.7,727.2,30.7,16.6,5.77,60.0,1.284,0.994,16.5,Well drained,Chromic Cambisols,Horticulture/Sisal,Not Suitable,Highly Suitable,Highly Suitable,Highly Suitable,Moderately Suitable,Highly Suitable
853,Nyandarua,Central,2981.4,963.8,20.6,11.6,5.36,73.2,1.433,3.335,7.9,Well drained,Humic Andosols,Wheat/Pyrethrum,Highly Suitable,Highly Suitable,Highly Suitable,Moderately Suitable,Moderately Suitable,Highly Suitable
854,Bungoma,Western,1572.0,1745.4,23.4,14.4,5.83,73.0,1.253,2.248,10.7,Moderately drained,Ferric Luvisols,Sugarcane/Maize,Highly Suitable,Highly Suitable,Highly Suitable,Moderately Suitable,Highly Suitable,Highly Suitable
855,Trans Nzoia,Rift Valley,2242.8,1196.5,19.5,11.7,5.48,64.3,1.446,2.346,2.8,Well drained,Mollic Andosols,Wheat/Maize,Highly Suitable,Highly Suitable,Highly Suitable,Moderately Suitable,Highly Suitable,Highly Suitable
856,Tana River,Coast,280.5,441.9,32.0,23.8,8.44,59.6,0.2,0.629,0.9,Poorly drained,Eutric Vertisols,Irrigation/Livestock,Not Suitable,Moderately Suitable,Not Suitable,Highly Suitable,Not Suitable,Moderately Suitable
857,Tana River,Coast,2.3,345.9,31.1,24.2,8.0,55.9,0.339,0.308,3.2,Poorly drained,Eutric Vertisols,Irrigation/Livestock,Not Suitable,Not Suitable,Not Suitable,Highly Suitable,Not Suitable,Moderately Suitable
858,Tana River,Coast,204.9,444.5,33.7,26.1,8.79,59.1,0.567,0.689,4.9,Poorly drained,Eutric Vertisols,Irrigation/Livestock,Not Suitable,Moderately Suitable,Not Suitable,Highly Suitable,Not Suitable,Moderately Suitable
859,Kericho,Rift Valley,1753.9,1580.6,24.4,12.6,4.88,81.1,2.049,3.321,9.6,Well drained,Humic Nitisols,Tea/Forest,Highly Suitable,Highly Suitable,Moderately Suitable,Not Suitable,Highly Suitable,Highly Suitable
860,Kirinyaga,Central,1766.7,1563.0,23.5,13.7,5.41,74.5,1.514,2.715,14.1,Well drained,Humic Andosols,Tea/Rice,Highly Suitable,Highly Suitable,Highly Suitable,Moderately Suitable,Highly Suitable,Highly Suitable
861,Lamu,Coast,8.0,764.8,36.3,26.6,7.16,85.5,0.493,0.728,2.5,Poorly drained,Gleyic Cambisols,Coconut/Fishing,Not Suitable,Moderately Suitable,Moderately Suitable,Highly Suitable,Not Suitable,Moderately Suitable
862,Nyamira,Nyanza,1848.7,1344.1,23.6,15.3,5.22,71.9,1.579,2.796,9.4,Moderately drained,Humic Nitisols,Tea/Banana,Highly Suitable,Highly Suitable,Highly Suitable,Moderately Suitable,Highly Suitable,Highly Suitable
863,Kericho,Rift Valley,2107.2,1729.5,21.4,14.5,4.98,80.8,2.535,4.107,4.8,Well drained,Humic Nitisols,Tea/Forest,Highly Suitable,Moderately Suitable,Moderately Suitable,Not Suitable,Highly Suitable,Moderately Suitable
864,Narok,Rift Valley,1645.2,795.7,24.4,9.0,7.56,48.1,0.618,1.339,7.4,Well drained,Mollic Vertisols,Wheat/Livestock,Not Suitable,Moderately Suitable,Highly Suitable,Highly Suitable,Moderately Suitable,Highly Suitable
865,Nyeri,Central,1907.1,1520.7,21.0,12.3,5.0,74.1,2.365,3.826,15.8,Well drained,Humic Andosols,Tea/Coffee,Highly Suitable,Highly Suitable,Highly Suitable,Moderately Suitable,Highly Suitable,Highly Suitable
866,Bomet,Rift Valley,1603.4,1312.0,25.2,13.6,4.99,76.8,2.206,3.637,6.5,Well drained,Humic Nitisols,Tea/Dairy,Highly Suitable,Highly Suitable,Moderately Suitable,Moderately Suitable,Highly Suitable,Highly Suitable
867,Nyamira,Nyanza,1775.7,1700.4,25.5,13.5,5.6,70.8,1.466,2.581,14.9,Moderately drained,Humic Nitisols,Tea/Banana,Highly Suitable,Highly Suitable,Highly Suitable,Highly Suitable,Highly Suitable,Highly Suitable
868,Narok,Rift Valley,2098.0,763.5,24.7,14.5,7.76,64.9,0.516,0.824,6.5,Well drained,Mollic Vertisols,Wheat/Livestock,Moderately Suitable,Moderately Suitable,Moderately Suitable,Highly Suitable,Not Suitable,Highly Suitable
869,Kakamega,Western,1524.5,1951.2,27.1,15.5,5.23,82.9,1.618,2.532,3.1,Moderately drained,Ferric Luvisols,Tea/Sugarcane,Highly Suitable,Highly Suitable,Moderately Suitable,Moderately Suitable,Moderately Suitable,Highly Suitable
870,Kilifi,Coast,456.3,1094.0,33.7,24.6,7.52,75.8,0.614,1.009,7.9,Moderately drained,Ferralic Arenosols,Cashew/Cassava,Not Suitable,Moderately Suitable,Not Suitable,Highly Suitable,Not Suitable,Moderately Suitable
871,Bomet,Rift Valley,1829.6,1350.1,26.7,12.5,5.46,74.8,1.878,2.059,8.2,Well drained,Humic Nitisols,Tea/Dairy,Highly Suitable,Highly Suitable,Moderately Suitable,Moderately Suitable,Highly Suitable,Highly Suitable
872,West Pokot,Rift Valley,1694.4,790.5,24.1,12.8,7.04,66.1,0.707,1.24,14.3,Moderately drained,Chromic Luvisols,Sorghum/Livestock,Moderately Suitable,Highly Suitable,Highly Suitable,Highly Suitable,Moderately Suitable,Highly Suitable
873,Nyamira,Nyanza,1473.6,1468.6,22.4,15.6,4.69,72.8,1.299,2.031,17.0,Moderately drained,Humic Nitisols,Tea/Banana,Highly Suitable,Highly Suitable,Moderately Suitable,Moderately Suitable,Highly Suitable,Highly Suitable
874,Homa Bay,Nyanza,1439.4,1178.3,27.1,17.5,7.02,69.6,1.192,1.567,9.5,Moderately drained,Chromic Luvisols,Maize/Sorghum,Moderately Suitable,Highly Suitable,Highly Suitable,Highly Suitable,Moderately Suitable,Highly Suitable
875,Elgeyo Marakwet,Rift Valley,2132.4,975.6,18.6,9.4,6.38,59.6,1.018,1.991,14.8,Well drained,Eutric Vertisols,Maize/Wheat,Moderately Suitable,Highly Suitable,Highly Suitable,Moderately Suitable,Highly Suitable,Highly Suitable
876,West Pokot,Rift Valley,1544.0,1300.8,26.5,10.7,7.38,55.2,0.836,1.283,6.3,Moderately drained,Chromic Luvisols,Sorghum/Livestock,Moderately Suitable,Highly Suitable,Highly Suitable,Highly Suitable,Moderately Suitable,Highly Suitable
877,Baringo,Rift Valley,2173.1,469.6,32.5,17.0,6.85,50.7,0.405,0.806,4.5,Moderately drained,Eutric Vertisols,Maize/Livestock,Not Suitable,Moderately Suitable,Highly Suitable,Highly Suitable,Not Suitable,Highly Suitable
878,Kajiado,Rift Valley,1784.6,313.2,31.1,18.2,7.73,42.2,0.366,0.879,8.6,Excessively drained,Calcic Cambisols,Livestock/Hort,Not Suitable,Not Suitable,Moderately Suitable,Highly Suitable,Not Suitable,Moderately Suitable
879,Tharaka Nithi,Eastern,1077.2,979.5,30.5,19.5,6.7,68.3,0.724,1.057,17.3,Moderately drained,Chromic Cambisols,Mango/Miraa,Not Suitable,Highly Suitable,Moderately Suitable,Highly Suitable,Moderately Suitable,Highly Suitable
880,Nyeri,Central,2064.0,1539.8,22.8,10.6,4.53,71.1,2.305,2.604,15.1,Well drained,Humic Andosols,Tea/Coffee,Highly Suitable,Moderately Suitable,Moderately Suitable,Not Suitable,Highly Suitable,Highly Suitable
881,Garissa,North Eastern,239.3,289.0,36.5,27.6,8.0,39.4,0.321,0.323,2.8,Excessively drained,Haplic Arenosols,Livestock,Not Suitable,Not Suitable,Not Suitable,Highly Suitable,Not Suitable,Not Suitable
882,Kakamega,Western,1680.9,2167.7,24.9,15.1,5.42,77.2,1.588,2.861,7.7,Moderately drained,Ferric Luvisols,Tea/Sugarcane,Highly Suitable,Highly Suitable,Moderately Suitable,Moderately Suitable,Highly Suitable,Highly Suitable
883,Lamu,Coast,80.1,977.8,30.3,24.3,7.95,85.5,0.402,0.824,0.4,Poorly drained,Gleyic Cambisols,Coconut/Fishing,Not Suitable,Moderately Suitable,Not Suitable,Highly Suitable,Not Suitable,Moderately Suitable
884,Meru,Eastern,1167.2,1315.3,27.7,14.4,6.25,62.0,1.233,2.234,11.6,Moderately drained,Chromic Cambisols,Tea/Miraa,Moderately Suitable,Highly Suitable,Moderately Suitable,Highly Suitable,Highly Suitable,Highly Suitable
885,Migori,Nyanza,1151.6,1455.4,29.0,18.7,6.1,74.2,1.088,1.72,11.8,Moderately drained,Ferric Luvisols,Maize/Tea(marginal),Moderately Suitable,Highly Suitable,Moderately Suitable,Highly Suitable,Highly Suitable,Highly Suitable
886,Kericho,Rift Valley,1861.6,1818.5,24.3,12.8,5.2,81.6,2.052,3.494,5.0,Well drained,Humic Nitisols,Tea/Forest,Highly Suitable,Highly Suitable,Moderately Suitable,Moderately Suitable,Highly Suitable,Highly Suitable
887,Kisii,Nyanza,1876.2,1531.6,26.3,16.0,5.64,79.5,1.382,2.959,7.0,Moderately drained,Humic Nitisols,Tea/Smallholder,Highly Suitable,Highly Suitable,Highly Suitable,Moderately Suitable,Highly Suitable,Highly Suitable
888,Meru,Eastern,1493.5,1402.2,27.7,15.8,5.53,68.0,1.617,1.327,12.4,Moderately drained,Chromic Cambisols,Tea/Miraa,Moderately Suitable,Highly Suitable,Moderately Suitable,Highly Suitable,Highly Suitable,Highly Suitable
889,Nakuru,Rift Valley,1860.5,838.2,22.1,11.0,6.65,66.6,1.092,1.294,14.1,Well drained,Eutric Vertisols,Wheat/Pyrethrum,Moderately Suitable,Highly Suitable,Highly Suitable,Highly Suitable,Highly Suitable,Highly Suitable
890,Embu,Eastern,1453.5,1133.1,24.4,15.9,6.05,72.1,1.288,2.362,8.4,Moderately drained,Chromic Cambisols,Coffee/Tea,Highly Suitable,Highly Suitable,Highly Suitable,Highly Suitable,Highly Suitable,Highly Suitable
891,Baringo,Rift Valley,1440.8,1003.6,28.4,16.6,8.15,63.5,0.479,1.428,9.8,Moderately drained,Eutric Vertisols,Maize/Livestock,Not Suitable,Highly Suitable,Moderately Suitable,Highly Suitable,Moderately Suitable,Highly Suitable
892,Kwale,Coast,311.4,1138.8,35.1,23.5,6.97,76.0,0.857,1.577,3.9,Moderately drained,Ferralic Arenosols,Cashew/Coconut,Not Suitable,Highly Suitable,Moderately Suitable,Highly Suitable,Moderately Suitable,Highly Suitable
893,Makueni,Eastern,1579.5,883.1,28.7,15.3,8.11,52.1,0.399,0.796,13.9,Moderately drained,Chromic Luvisols,Sorghum/Mango,Not Suitable,Moderately Suitable,Moderately Suitable,Highly Suitable,Not Suitable,Moderately Suitable
894,Kakamega,Western,1422.8,1706.9,24.9,15.0,5.88,75.5,1.49,2.639,5.6,Moderately drained,Ferric Luvisols,Tea/Sugarcane,Highly Suitable,Highly Suitable,Moderately Suitable,Moderately Suitable,Highly Suitable,Highly Suitable
895,Murang'a,Central,1790.5,1404.9,24.1,14.3,5.43,75.9,1.862,2.748,14.2,Moderately drained,Humic Nitisols,Tea/Smallholder,Highly Suitable,Highly Suitable,Moderately Suitable,Moderately Suitable,Highly Suitable,Highly Suitable
896,Kitui,Eastern,1593.7,658.2,28.0,18.5,7.6,44.2,0.34,0.981,4.8,Moderately drained,Ferralic Cambisols,Sorghum/Cotton,Not Suitable,Moderately Suitable,Moderately Suitable,Highly Suitable,Not Suitable,Moderately Suitable
897,Nandi,Rift Valley,2013.4,1812.3,23.3,13.7,4.75,72.9,2.396,2.026,4.0,Well drained,Humic Nitisols,Tea/Maize,Highly Suitable,Moderately Suitable,Moderately Suitable,Not Suitable,Moderately Suitable,Moderately Suitable
898,Narok,Rift Valley,2025.8,951.8,24.8,11.8,7.35,52.4,0.559,0.831,3.0,Well drained,Mollic Vertisols,Wheat/Livestock,Moderately Suitable,Highly Suitable,Highly Suitable,Moderately Suitable,Not Suitable,Highly Suitable
899,Bungoma,Western,1777.3,1404.6,24.0,13.9,6.42,76.6,1.568,1.927,7.2,Moderately drained,Ferric Luvisols,Sugarcane/Maize,Highly Suitable,Highly Suitable,Highly Suitable,Moderately Suitable,Highly Suitable,Highly Suitable
900,Kisii,Nyanza,1887.9,1612.1,24.8,14.4,5.3,74.4,1.892,2.359,12.6,Moderately drained,Humic Nitisols,Tea/Smallholder,Highly Suitable,Highly Suitable,Moderately Suitable,Moderately Suitable,Highly Suitable,Highly Suitable
901,Bungoma,Western,1343.0,1305.0,28.3,16.6,6.25,68.2,1.262,2.116,4.8,Moderately drained,Ferric Luvisols,Sugarcane/Maize,Moderately Suitable,Highly Suitable,Moderately Suitable,Highly Suitable,Highly Suitable,Highly Suitable
902,Kericho,Rift Valley,2143.5,1905.5,23.8,11.4,4.61,81.0,2.406,2.518,3.0,Well drained,Humic Nitisols,Tea/Forest,Highly Suitable,Moderately Suitable,Moderately Suitable,Not Suitable,Moderately Suitable,Moderately Suitable
903,Meru,Eastern,1441.6,1402.8,31.3,18.5,5.76,66.5,0.96,2.213,8.6,Moderately drained,Chromic Cambisols,Tea/Miraa,Moderately Suitable,Highly Suitable,Moderately Suitable,Highly Suitable,Highly Suitable,Highly Suitable
904,Vihiga,Western,1526.0,1840.2,25.8,15.1,5.49,73.7,1.746,2.133,6.5,Moderately drained,Ferric Luvisols,Tea/Maize,Highly Suitable,Highly Suitable,Moderately Suitable,Moderately Suitable,Highly Suitable,Highly Suitable
905,Mandera,North Eastern,346.2,370.7,35.0,27.4,9.26,40.5,0.137,0.189,2.2,Excessively drained,Haplic Arenosols,Pastoralism,Not Suitable,Not Suitable,Not Suitable,Moderately Suitable,Not Suitable,Not Suitable
906,Homa Bay,Nyanza,1538.5,1263.1,27.9,18.6,6.71,73.4,0.752,1.675,9.3,Moderately drained,Chromic Luvisols,Maize/Sorghum,Moderately Suitable,Highly Suitable,Highly Suitable,Highly Suitable,Highly Suitable,Highly Suitable
907,Embu,Eastern,1705.4,1296.1,21.4,13.2,5.59,65.7,1.145,2.106,8.5,Moderately drained,Chromic Cambisols,Coffee/Tea,Highly Suitable,Highly Suitable,Highly Suitable,Moderately Suitable,Highly Suitable,Highly Suitable
908,Marsabit,Eastern,1449.6,389.4,36.4,18.8,8.38,51.8,0.293,0.574,7.4,Excessively drained,Chromic Cambisols,Livestock,Not Suitable,Not Suitable,Not Suitable,Moderately Suitable,Not Suitable,Moderately Suitable
909,Meru,Eastern,1137.8,923.8,28.6,17.7,6.01,61.7,0.815,2.737,10.0,Moderately drained,Chromic Cambisols,Tea/Miraa,Moderately Suitable,Highly Suitable,Moderately Suitable,Highly Suitable,Highly Suitable,Highly Suitable
910,Bomet,Rift Valley,1715.7,1466.3,25.4,15.8,4.85,76.9,2.241,3.65,10.0,Well drained,Humic Nitisols,Tea/Dairy,Highly Suitable,Highly Suitable,Moderately Suitable,Moderately Suitable,Highly Suitable,Highly Suitable
911,Mandera,North Eastern,245.2,269.1,36.5,28.2,9.42,38.0,0.219,0.238,1.1,Excessively drained,Haplic Arenosols,Pastoralism,Not Suitable,Not Suitable,Not Suitable,Moderately Suitable,Not Suitable,Not Suitable
912,Murang'a,Central,1841.4,1716.6,27.7,15.6,5.22,72.0,1.986,2.001,9.7,Moderately drained,Humic Nitisols,Tea/Smallholder,Highly Suitable,Highly Suitable,Moderately Suitable,Moderately Suitable,Highly Suitable,Highly Suitable
913,Makueni,Eastern,679.1,493.7,28.8,21.6,7.27,53.3,0.428,0.502,2.9,Moderately drained,Chromic Luvisols,Sorghum/Mango,Not Suitable,Moderately Suitable,Moderately Suitable,Highly Suitable,Not Suitable,Highly Suitable
914,Murang'a,Central,1981.1,1517.0,24.0,16.9,5.45,71.4,1.948,3.18,13.2,Moderately drained,Humic Nitisols,Tea/Smallholder,Highly Suitable,Highly Suitable,Highly Suitable,Moderately Suitable,Highly Suitable,Highly Suitable
915,Garissa,North Eastern,178.9,198.4,37.0,22.7,8.0,36.8,0.106,0.409,0.5,Excessively drained,Haplic Arenosols,Livestock,Not Suitable,Not Suitable,Not Suitable,Highly Suitable,Not Suitable,Not Suitable
916,Wajir,North Eastern,454.0,175.2,38.2,21.8,8.97,37.2,0.262,0.334,0.6,Excessively drained,Haplic Arenosols,Pastoralism,Not Suitable,Not Suitable,Not Suitable,Not Suitable,Not Suitable,Not Suitable
917,Nandi,Rift Valley,1717.4,1698.1,25.0,11.1,5.17,71.8,2.461,2.297,8.0,Well drained,Humic Nitisols,Tea/Maize,Highly Suitable,Highly Suitable,Moderately Suitable,Moderately Suitable,Highly Suitable,Highly Suitable
918,Kwale,Coast,430.0,1104.4,30.6,20.8,6.95,69.8,0.586,1.493,3.1,Moderately drained,Ferralic Arenosols,Cashew/Coconut,Not Suitable,Highly Suitable,Moderately Suitable,Highly Suitable,Moderately Suitable,Highly Suitable
919,Nandi,Rift Valley,1876.7,1465.7,26.3,14.7,4.72,72.8,2.306,3.497,5.2,Well drained,Humic Nitisols,Tea/Maize,Highly Suitable,Highly Suitable,Moderately Suitable,Moderately Suitable,Highly Suitable,Highly Suitable
920,Nyandarua,Central,2685.9,804.1,17.4,6.4,5.93,72.6,1.111,3.177,9.2,Well drained,Humic Andosols,Wheat/Pyrethrum,Moderately Suitable,Moderately Suitable,Highly Suitable,Moderately Suitable,Moderately Suitable,Highly Suitable
921,Kiambu,Central,1865.8,1162.4,22.1,14.0,5.99,70.5,1.04,1.595,7.8,Moderately drained,Humic Nitisols,Tea/Horticulture,Highly Suitable,Highly Suitable,Highly Suitable,Moderately Suitable,Highly Suitable,Highly Suitable
922,West Pokot,Rift Valley,2248.1,1042.3,30.1,10.8,6.09,62.8,0.845,1.914,6.6,Moderately drained,Chromic Luvisols,Sorghum/Livestock,Moderately Suitable,Highly Suitable,Highly Suitable,Highly Suitable,Moderately Suitable,Highly Suitable
923,Nandi,Rift Valley,1841.9,1759.2,26.4,12.4,5.27,71.1,2.346,2.255,7.8,Well drained,Humic Nitisols,Tea/Maize,Highly Suitable,Highly Suitable,Moderately Suitable,Moderately Suitable,Highly Suitable,Highly Suitable
924,Bomet,Rift Valley,1857.0,1378.9,24.7,13.3,4.7,70.7,1.406,3.761,13.6,Well drained,Humic Nitisols,Tea/Dairy,Highly Suitable,Highly Suitable,Moderately Suitable,Moderately Suitable,Highly Suitable,Highly Suitable
925,Baringo,Rift Valley,2022.6,913.5,33.5,12.4,7.5,54.8,0.598,0.617,12.1,Moderately drained,Eutric Vertisols,Maize/Livestock,Not Suitable,Moderately Suitable,Highly Suitable,Moderately Suitable,Not Suitable,Moderately Suitable
926,Nyeri,Central,2063.3,1544.8,22.8,10.7,4.89,77.7,1.858,3.513,9.9,Well drained,Humic Andosols,Tea/Coffee,Highly Suitable,Moderately Suitable,Moderately Suitable,Not Suitable,Highly Suitable,Highly Suitable
927,Nandi,Rift Valley,2089.4,1403.8,23.7,14.9,5.35,78.2,1.758,2.342,11.0,Well drained,Humic Nitisols,Tea/Maize,Highly Suitable,Highly Suitable,Highly Suitable,Not Suitable,Highly Suitable,Highly Suitable
928,Samburu,Rift Valley,1348.5,377.4,34.5,23.1,7.92,40.7,0.571,0.513,10.8,Excessively drained,Chromic Luvisols,Pastoralism,Not Suitable,Not Suitable,Not Suitable,Highly Suitable,Not Suitable,Moderately Suitable
929,Nairobi,Nairobi,1842.7,1211.7,26.6,12.5,5.62,55.3,0.977,1.556,7.9,Moderately drained,Chromic Luvisols,Urban/Horticulture,Moderately Suitable,Highly Suitable,Highly Suitable,Highly Suitable,Highly Suitable,Highly Suitable
930,Nakuru,Rift Valley,1861.1,1215.9,24.5,11.6,6.19,52.5,0.796,1.858,7.4,Well drained,Eutric Vertisols,Wheat/Pyrethrum,Highly Suitable,Highly Suitable,Highly Suitable,Moderately Suitable,Highly Suitable,Highly Suitable
931,Embu,Eastern,1439.9,1310.6,22.8,13.8,5.43,62.7,1.467,2.638,6.1,Moderately drained,Chromic Cambisols,Coffee/Tea,Highly Suitable,Highly Suitable,Moderately Suitable,Moderately Suitable,Highly Suitable,Highly Suitable
932,Bomet,Rift Valley,1920.8,1333.3,26.0,15.6,4.97,70.3,1.77,2.433,10.4,Well drained,Humic Nitisols,Tea/Dairy,Highly Suitable,Highly Suitable,Moderately Suitable,Moderately Suitable,Highly Suitable,Highly Suitable
933,West Pokot,Rift Valley,1553.9,1040.5,19.8,10.3,6.96,60.8,0.956,1.092,23.6,Moderately drained,Chromic Luvisols,Sorghum/Livestock,Moderately Suitable,Highly Suitable,Highly Suitable,Moderately Suitable,Highly Suitable,Highly Suitable
934,Murang'a,Central,1639.2,1256.0,23.8,13.3,4.8,66.5,2.163,2.734,17.5,Moderately drained,Humic Nitisols,Tea/Smallholder,Highly Suitable,Highly Suitable,Highly Suitable,Moderately Suitable,Highly Suitable,Highly Suitable
935,Kiambu,Central,1607.9,1288.1,24.3,15.0,5.98,67.3,1.242,1.837,5.3,Moderately drained,Humic Nitisols,Tea/Horticulture,Highly Suitable,Highly Suitable,Highly Suitable,Moderately Suitable,Highly Suitable,Highly Suitable
936,Isiolo,Eastern,1239.2,551.7,36.7,21.8,8.82,38.3,0.401,0.208,1.1,Excessively drained,Chromic Luvisols,Livestock,Not Suitable,Not Suitable,Not Suitable,Highly Suitable,Not Suitable,Moderately Suitable
937,Machakos,Eastern,1703.2,917.3,25.0,14.2,7.75,51.3,0.477,0.968,13.2,Moderately drained,Chromic Luvisols,Maize/Beans,Moderately Suitable,Highly Suitable,Moderately Suitable,Highly Suitable,Moderately Suitable,Highly Suitable
938,Kakamega,Western,1793.6,1816.7,27.0,14.7,5.89,77.3,1.414,1.519,6.5,Moderately drained,Ferric Luvisols,Tea/Sugarcane,Highly Suitable,Highly Suitable,Highly Suitable,Moderately Suitable,Highly Suitable,Highly Suitable
939,Trans Nzoia,Rift Valley,2252.8,1327.5,21.6,12.8,5.6,61.2,0.931,1.778,4.8,Well drained,Mollic Andosols,Wheat/Maize,Highly Suitable,Highly Suitable,Highly Suitable,Moderately Suitable,Highly Suitable,Highly Suitable
940,Nyandarua,Central,2133.4,1188.2,17.1,11.1,5.07,65.0,1.999,2.366,11.1,Well drained,Humic Andosols,Wheat/Pyrethrum,Highly Suitable,Highly Suitable,Highly Suitable,Moderately Suitable,Highly Suitable,Highly Suitable
941,Nyamira,Nyanza,1666.2,1598.6,24.9,12.7,5.02,74.2,1.976,2.619,17.0,Moderately drained,Humic Nitisols,Tea/Banana,Highly Suitable,Highly Suitable,Moderately Suitable,Moderately Suitable,Highly Suitable,Highly Suitable
942,Nyeri,Central,2318.9,1834.9,21.1,13.1,4.93,72.8,2.228,3.947,19.8,Well drained,Humic Andosols,Tea/Coffee,Highly Suitable,Moderately Suitable,Moderately Suitable,Not Suitable,Moderately Suitable,Moderately Suitable
943,Uasin Gishu,Rift Valley,2176.1,1147.3,22.3,11.1,5.93,58.5,1.119,2.358,5.0,Well drained,Mollic Andosols,Wheat/Maize,Highly Suitable,Highly Suitable,Highly Suitable,Moderately Suitable,Highly Suitable,Highly Suitable
944,Siaya,Nyanza,1482.0,1093.4,30.4,19.0,6.98,67.7,1.109,1.245,2.3,Poorly drained,Eutric Vertisols,Maize/Sorghum,Not Suitable,Highly Suitable,Highly Suitable,Highly Suitable,Highly Suitable,Highly Suitable
945,Laikipia,Central,2294.7,709.8,23.5,11.6,7.51,47.5,0.767,1.109,6.0,Well drained,Chromic Luvisols,Livestock/Wheat,Not Suitable,Moderately Suitable,Highly Suitable,Highly Suitable,Not Suitable,Moderately Suitable
946,Bungoma,Western,1472.4,1609.8,24.8,13.3,5.25,72.5,1.669,2.044,12.0,Moderately drained,Ferric Luvisols,Sugarcane/Maize,Highly Suitable,Highly Suitable,Moderately Suitable,Moderately Suitable,Highly Suitable,Highly Suitable
947,Kisii,Nyanza,1878.1,1552.3,24.5,13.2,5.25,71.1,1.324,2.039,17.1,Moderately drained,Humic Nitisols,Tea/Smallholder,Highly Suitable,Highly Suitable,Moderately Suitable,Moderately Suitable,Highly Suitable,Highly Suitable
948,Uasin Gishu,Rift Valley,2083.8,1296.9,20.3,9.5,6.14,64.8,0.977,2.39,2.9,Well drained,Mollic Andosols,Wheat/Maize,Highly Suitable,Highly Suitable,Highly Suitable,Moderately Suitable,Highly Suitable,Highly Suitable
949,Kisumu,Nyanza,1527.7,1206.7,31.2,20.7,5.6,67.5,0.825,1.426,6.6,Poorly drained,Eutric Vertisols,Maize/Rice,Moderately Suitable,Highly Suitable,Highly Suitable,Highly Suitable,Highly Suitable,Highly Suitable
950,Marsabit,Eastern,637.7,234.7,37.6,18.9,8.98,36.1,0.481,0.334,4.7,Excessively drained,Chromic Cambisols,Livestock,Not Suitable,Not Suitable,Not Suitable,Moderately Suitable,Not Suitable,Not Suitable
951,Makueni,Eastern,1177.1,599.9,29.1,15.4,7.86,48.7,0.397,1.053,14.8,Moderately drained,Chromic Luvisols,Sorghum/Mango,Not Suitable,Moderately Suitable,Moderately Suitable,Highly Suitable,Not Suitable,Moderately Suitable
952,Siaya,Nyanza,1418.1,1354.1,28.5,16.8,6.34,69.2,0.931,1.638,4.0,Poorly drained,Eutric Vertisols,Maize/Sorghum,Moderately Suitable,Highly Suitable,Moderately Suitable,Highly Suitable,Highly Suitable,Highly Suitable
953,Nyeri,Central,2214.9,1375.4,24.1,12.0,4.98,73.9,2.425,2.896,15.2,Well drained,Humic Andosols,Tea/Coffee,Highly Suitable,Moderately Suitable,Moderately Suitable,Not Suitable,Moderately Suitable,Moderately Suitable
954,Nakuru,Rift Valley,2276.3,1114.3,23.3,11.1,7.09,66.5,1.243,0.879,11.0,Well drained,Eutric Vertisols,Wheat/Pyrethrum,Moderately Suitable,Highly Suitable,Highly Suitable,Moderately Suitable,Moderately Suitable,Highly Suitable
955,Narok,Rift Valley,2040.7,1066.1,22.8,10.6,6.78,62.2,0.956,1.376,4.0,Well drained,Mollic Vertisols,Wheat/Livestock,Moderately Suitable,Highly Suitable,Highly Suitable,Moderately Suitable,Highly Suitable,Highly Suitable
956,Nyeri,Central,2397.4,1603.0,20.2,10.1,5.36,68.2,2.475,3.258,19.1,Well drained,Humic Andosols,Tea/Coffee,Highly Suitable,Highly Suitable,Highly Suitable,Moderately Suitable,Highly Suitable,Moderately Suitable
957,Trans Nzoia,Rift Valley,2161.4,1039.9,21.1,8.6,6.86,65.0,1.171,2.49,4.1,Well drained,Mollic Andosols,Wheat/Maize,Moderately Suitable,Highly Suitable,Highly Suitable,Moderately Suitable,Highly Suitable,Highly Suitable
958,Bungoma,Western,1643.4,1444.2,25.0,16.0,6.3,75.6,1.266,2.268,3.5,Moderately drained,Ferric Luvisols,Sugarcane/Maize,Highly Suitable,Highly Suitable,Highly Suitable,Moderately Suitable,Highly Suitable,Highly Suitable
959,Marsabit,Eastern,873.8,438.9,31.8,17.6,8.53,40.6,0.327,0.355,1.5,Excessively drained,Chromic Cambisols,Livestock,Not Suitable,Moderately Suitable,Not Suitable,Highly Suitable,Not Suitable,Moderately Suitable
960,Mombasa,Coast,91.5,844.0,33.3,24.1,7.35,80.2,0.334,1.094,3.9,Poorly drained,Calcic Cambisols,Coconut/Cashew,Not Suitable,Moderately Suitable,Moderately Suitable,Highly Suitable,Not Suitable,Moderately Suitable
961,Kericho,Rift Valley,2133.0,1599.7,20.8,12.9,5.06,81.9,1.95,3.688,5.8,Well drained,Humic Nitisols,Tea/Forest,Highly Suitable,Highly Suitable,Moderately Suitable,Not Suitable,Highly Suitable,Highly Suitable
962,Embu,Eastern,1393.3,1426.9,26.6,15.0,5.17,70.1,1.051,2.235,14.4,Moderately drained,Chromic Cambisols,Coffee/Tea,Highly Suitable,Highly Suitable,Moderately Suitable,Highly Suitable,Highly Suitable,Highly Suitable
963,Nakuru,Rift Valley,2103.0,758.4,25.0,13.8,7.07,63.8,0.868,1.718,7.6,Well drained,Eutric Vertisols,Wheat/Pyrethrum,Moderately Suitable,Highly Suitable,Highly Suitable,Highly Suitable,Moderately Suitable,Highly Suitable
964,Narok,Rift Valley,2581.5,628.0,27.4,11.6,6.77,56.5,0.967,0.714,8.8,Well drained,Mollic Vertisols,Wheat/Livestock,Not Suitable,Highly Suitable,Highly Suitable,Highly Suitable,Not Suitable,Highly Suitable
965,Nyeri,Central,1810.2,1329.1,19.3,14.0,4.91,71.8,2.28,2.637,19.2,Well drained,Humic Andosols,Tea/Coffee,Highly Suitable,Moderately Suitable,Moderately Suitable,Not Suitable,Highly Suitable,Highly Suitable
966,Elgeyo Marakwet,Rift Valley,1628.9,1181.2,21.0,12.7,5.34,57.5,1.184,2.69,23.6,Well drained,Eutric Vertisols,Maize/Wheat,Highly Suitable,Highly Suitable,Highly Suitable,Moderately Suitable,Highly Suitable,Highly Suitable
967,Garissa,North Eastern,367.3,272.6,40.1,23.2,7.72,29.4,0.115,0.252,1.0,Excessively drained,Haplic Arenosols,Livestock,Not Suitable,Not Suitable,Not Suitable,Moderately Suitable,Not Suitable,Not Suitable
968,Elgeyo Marakwet,Rift Valley,2609.3,1373.3,18.8,8.5,5.4,68.1,0.99,2.38,10.2,Well drained,Eutric Vertisols,Maize/Wheat,Highly Suitable,Moderately Suitable,Highly Suitable,Not Suitable,Highly Suitable,Moderately Suitable
969,Nandi,Rift Valley,1506.6,1469.3,26.3,14.5,5.11,76.0,2.165,2.351,14.0,Well drained,Humic Nitisols,Tea/Maize,Highly Suitable,Highly Suitable,Moderately Suitable,Moderately Suitable,Highly Suitable,Highly Suitable
970,Uasin Gishu,Rift Valley,2011.1,952.2,20.1,8.5,5.8,59.3,1.096,2.234,2.0,Well drained,Mollic Andosols,Wheat/Maize,Highly Suitable,Highly Suitable,Highly Suitable,Moderately Suitable,Highly Suitable,Highly Suitable
971,Meru,Eastern,953.2,1372.1,28.9,18.7,6.21,69.2,1.318,1.253,18.4,Moderately drained,Chromic Cambisols,Tea/Miraa,Moderately Suitable,Highly Suitable,Moderately Suitable,Highly Suitable,Highly Suitable,Highly Suitable
972,Kakamega,Western,1594.2,1498.2,26.6,17.9,5.39,73.4,1.322,2.082,3.3,Moderately drained,Ferric Luvisols,Tea/Sugarcane,Highly Suitable,Highly Suitable,Moderately Suitable,Moderately Suitable,Highly Suitable,Highly Suitable
973,Elgeyo Marakwet,Rift Valley,1819.6,1393.2,20.2,13.7,5.77,64.5,1.28,1.494,16.3,Well drained,Eutric Vertisols,Maize/Wheat,Highly Suitable,Highly Suitable,Highly Suitable,Moderately Suitable,Highly Suitable,Highly Suitable
974,Laikipia,Central,2133.3,603.3,27.1,10.7,6.62,54.0,0.642,1.13,1.6,Well drained,Chromic Luvisols,Livestock/Wheat,Not Suitable,Highly Suitable,Highly Suitable,Highly Suitable,Not Suitable,Highly Suitable
975,Kitui,Eastern,552.8,749.5,31.2,22.1,6.9,49.4,0.327,0.46,2.2,Moderately drained,Ferralic Cambisols,Sorghum/Cotton,Not Suitable,Highly Suitable,Moderately Suitable,Highly Suitable,Not Suitable,Highly Suitable
976,Narok,Rift Valley,2423.2,757.3,20.3,12.8,7.13,54.9,0.755,0.938,7.0,Well drained,Mollic Vertisols,Wheat/Livestock,Not Suitable,Moderately Suitable,Highly Suitable,Highly Suitable,Not Suitable,Highly Suitable
977,Kajiado,Rift Valley,1954.3,335.2,34.4,13.3,6.99,40.3,0.223,0.411,11.8,Excessively drained,Calcic Cambisols,Livestock/Hort,Not Suitable,Moderately Suitable,Moderately Suitable,Highly Suitable,Not Suitable,Moderately Suitable
978,Kericho,Rift Valley,2015.9,1831.4,23.0,12.6,4.92,79.5,2.592,4.079,2.9,Well drained,Humic Nitisols,Tea/Forest,Highly Suitable,Moderately Suitable,Moderately Suitable,Not Suitable,Moderately Suitable,Moderately Suitable
979,Meru,Eastern,1636.6,1232.3,28.1,15.6,5.69,70.5,1.466,2.417,14.1,Moderately drained,Chromic Cambisols,Tea/Miraa,Highly Suitable,Highly Suitable,Highly Suitable,Highly Suitable,Highly Suitable,Highly Suitable
980,Turkana,Rift Valley,1004.4,215.3,37.6,27.8,7.69,43.2,0.196,0.287,6.6,Excessively drained,Haplic Arenosols,Pastoralism,Not Suitable,Not Suitable,Not Suitable,Moderately Suitable,Not Suitable,Not Suitable
981,Machakos,Eastern,1025.6,871.3,25.8,16.4,6.64,53.0,0.49,1.004,16.6,Moderately drained,Chromic Luvisols,Maize/Beans,Not Suitable,Highly Suitable,Moderately Suitable,Highly Suitable,Moderately Suitable,Highly Suitable
982,Nakuru,Rift Valley,2241.8,1026.5,27.1,13.2,6.77,67.3,1.114,1.158,3.6,Well drained,Eutric Vertisols,Wheat/Pyrethrum,Moderately Suitable,Highly Suitable,Highly Suitable,Moderately Suitable,Moderately Suitable,Highly Suitable
983,Murang'a,Central,1880.9,1682.9,25.2,13.4,5.38,70.0,2.044,1.967,10.8,Moderately drained,Humic Nitisols,Tea/Smallholder,Highly Suitable,Highly Suitable,Moderately Suitable,Moderately Suitable,Highly Suitable,Highly Suitable
984,Nandi,Rift Valley,1958.2,1414.4,26.2,12.9,5.3,78.0,1.925,2.045,6.2,Well drained,Humic Nitisols,Tea/Maize,Highly Suitable,Highly Suitable,Moderately Suitable,Moderately Suitable,Highly Suitable,Highly Suitable
985,Kericho,Rift Valley,1852.3,1614.8,24.6,13.2,4.59,77.0,1.834,4.319,4.6,Well drained,Humic Nitisols,Tea/Forest,Highly Suitable,Highly Suitable,Moderately Suitable,Not Suitable,Highly Suitable,Moderately Suitable
986,Uasin Gishu,Rift Valley,1845.7,1205.6,21.6,11.2,5.66,65.8,1.488,2.385,4.1,Well drained,Mollic Andosols,Wheat/Maize,Highly Suitable,Highly Suitable,Highly Suitable,Moderately Suitable,Highly Suitable,Highly Suitable
987,Nyamira,Nyanza,1866.3,1641.8,22.4,14.3,5.37,72.1,1.904,2.508,16.7,Moderately drained,Humic Nitisols,Tea/Banana,Highly Suitable,Highly Suitable,Highly Suitable,Moderately Suitable,Highly Suitable,Highly Suitable
988,Kericho,Rift Valley,1811.8,1994.1,20.9,15.8,4.51,80.9,2.328,4.486,2.7,Well drained,Humic Nitisols,Tea/Forest,Highly Suitable,Moderately Suitable,Moderately Suitable,Not Suitable,Moderately Suitable,Moderately Suitable
989,Kakamega,Western,1623.5,1685.1,27.7,16.6,5.8,79.9,1.601,2.509,4.2,Moderately drained,Ferric Luvisols,Tea/Sugarcane,Highly Suitable,Highly Suitable,Highly Suitable,Moderately Suitable,Highly Suitable,Highly Suitable
990,Kisumu,Nyanza,1387.5,1311.6,29.8,18.4,6.76,67.1,1.121,1.092,1.9,Poorly drained,Eutric Vertisols,Maize/Rice,Moderately Suitable,Highly Suitable,Moderately Suitable,Highly Suitable,Moderately Suitable,Highly Suitable
991,Bomet,Rift Valley,1825.0,1402.3,26.5,12.3,4.85,75.5,1.446,2.887,7.9,Well drained,Humic Nitisols,Tea/Dairy,Highly Suitable,Highly Suitable,Moderately Suitable,Moderately Suitable,Highly Suitable,Highly Suitable
992,Isiolo,Eastern,432.5,430.4,31.3,23.0,8.24,45.4,0.413,0.255,5.0,Excessively drained,Chromic Luvisols,Livestock,Not Suitable,Moderately Suitable,Not Suitable,Highly Suitable,Not Suitable,Moderately Suitable
993,Nakuru,Rift Valley,2130.2,1018.1,26.0,12.4,7.36,54.4,1.346,1.26,11.5,Well drained,Eutric Vertisols,Wheat/Pyrethrum,Moderately Suitable,Highly Suitable,Highly Suitable,Highly Suitable,Moderately Suitable,Highly Suitable
994,Narok,Rift Valley,2200.2,975.0,25.7,13.5,6.65,54.9,0.776,0.911,1.6,Well drained,Mollic Vertisols,Wheat/Livestock,Moderately Suitable,Highly Suitable,Highly Suitable,Highly Suitable,Not Suitable,Highly Suitable
995,Baringo,Rift Valley,2027.8,605.4,26.3,15.1,7.28,66.4,0.925,0.675,5.1,Moderately drained,Eutric Vertisols,Maize/Livestock,Not Suitable,Highly Suitable,Highly Suitable,Highly Suitable,Not Suitable,Highly Suitable
996,West Pokot,Rift Valley,1142.3,1266.1,27.1,11.5,6.25,52.1,1.04,0.946,29.6,Moderately drained,Chromic Luvisols,Sorghum/Livestock,Not Suitable,Highly Suitable,Moderately Suitable,Highly Suitable,Moderately Suitable,Highly Suitable
997,Kiambu,Central,2193.9,1291.0,26.4,12.3,5.42,64.7,1.157,1.683,10.5,Moderately drained,Humic Nitisols,Tea/Horticulture,Highly Suitable,Highly Suitable,Highly Suitable,Moderately Suitable,Moderately Suitable,Highly Suitable
998,Meru,Eastern,1440.8,1344.3,29.1,15.9,5.54,66.4,1.666,2.704,7.1,Moderately drained,Chromic Cambisols,Tea/Miraa,Moderately Suitable,Highly Suitable,Moderately Suitable,Highly Suitable,Highly Suitable,Highly Suitable
999,Tana River,Coast,350.5,387.1,30.4,23.8,8.17,62.5,0.414,0.726,4.6,Poorly drained,Eutric Vertisols,Irrigation/Livestock,Not Suitable,Not Suitable,Not Suitable,Highly Suitable,Not Suitable,Moderately Suitable
1000,Kiambu,Central,1508.5,981.2,24.0,15.7,5.25,69.6,1.178,1.918,13.2,Moderately drained,Humic Nitisols,Tea/Horticulture,Highly Suitable,Highly Suitable,Highly Suitable,Moderately Suitable,Highly Suitable,Highly Suitable
1001,Nyeri,Central,2016.4,1722.0,23.2,13.0,4.94,71.5,1.971,4.175,5.6,Well drained,Humic Andosols,Tea/Coffee,Highly Suitable,Moderately Suitable,Moderately Suitable,Not Suitable,Highly Suitable,Moderately Suitable
1002,Nyeri,Central,1682.3,1710.9,20.5,10.5,5.37,77.6,2.462,3.819,14.8,Well drained,Humic Andosols,Tea/Coffee,Highly Suitable,Highly Suitable,Highly Suitable,Moderately Suitable,Highly Suitable,Highly Suitable
1003,Baringo,Rift Valley,2187.4,601.6,34.2,12.9,8.41,47.1,0.539,0.561,14.7,Moderately drained,Eutric Vertisols,Maize/Livestock,Not Suitable,Not Suitable,Moderately Suitable,Moderately Suitable,Not Suitable,Moderately Suitable
1004,Nyamira,Nyanza,1504.5,1359.4,23.1,15.1,5.05,73.7,1.217,1.648,10.8,Moderately drained,Humic Nitisols,Tea/Banana,Highly Suitable,Highly Suitable,Highly Suitable,Moderately Suitable,Highly Suitable,Highly Suitable
1005,West Pokot,Rift Valley,1779.1,1126.6,26.7,12.0,6.18,66.9,0.736,1.792,19.1,Moderately drained,Chromic Luvisols,Sorghum/Livestock,Moderately Suitable,Highly Suitable,Highly Suitable,Highly Suitable,Highly Suitable,Highly Suitable
1006,Elgeyo Marakwet,Rift Valley,1564.8,830.6,22.0,11.5,5.91,55.3,1.572,1.367,11.1,Well drained,Eutric Vertisols,Maize/Wheat,Moderately Suitable,Highly Suitable,Highly Suitable,Highly Suitable,Highly Suitable,Highly Suitable
1007,Kericho,Rift Valley,2088.6,1832.2,23.4,15.5,4.56,76.9,1.811,3.437,2.6,Well drained,Humic Nitisols,Tea/Forest,Highly Suitable,Moderately Suitable,Moderately Suitable,Not Suitable,Moderately Suitable,Moderately Suitable
1008,Lamu,Coast,34.8,956.4,31.6,23.4,8.56,85.4,0.265,0.898,2.1,Poorly drained,Gleyic Cambisols,Coconut/Fishing,Not Suitable,Moderately Suitable,Not Suitable,Moderately Suitable,Not Suitable,Moderately Suitable
1009,Mombasa,Coast,50.3,1154.9,28.3,25.0,7.06,82.9,0.442,1.187,3.4,Poorly drained,Calcic Cambisols,Coconut/Cashew,Not Suitable,Highly Suitable,Not Suitable,Highly Suitable,Not Suitable,Highly Suitable
1010,Vihiga,Western,1437.7,1545.4,26.3,16.6,5.33,76.1,1.251,2.527,17.6,Moderately drained,Ferric Luvisols,Tea/Maize,Highly Suitable,Highly Suitable,Moderately Suitable,Moderately Suitable,Highly Suitable,Highly Suitable
1011,Laikipia,Central,1986.4,686.6,23.8,14.9,7.59,47.2,0.86,1.439,7.6,Well drained,Chromic Luvisols,Livestock/Wheat,Not Suitable,Highly Suitable,Highly Suitable,Highly Suitable,Moderately Suitable,Highly Suitable
1012,Narok,Rift Valley,2620.4,708.1,25.1,11.8,7.66,50.1,0.591,1.313,9.5,Well drained,Mollic Vertisols,Wheat/Livestock,Not Suitable,Moderately Suitable,Highly Suitable,Highly Suitable,Not Suitable,Moderately Suitable
1013,Meru,Eastern,1605.4,1389.2,29.8,14.7,5.56,62.3,1.05,1.927,15.7,Moderately drained,Chromic Cambisols,Tea/Miraa,Moderately Suitable,Highly Suitable,Highly Suitable,Highly Suitable,Highly Suitable,Highly Suitable
1014,Nyandarua,Central,2594.1,1213.3,20.7,6.7,6.24,68.7,1.451,2.348,8.6,Well drained,Humic Andosols,Wheat/Pyrethrum,Moderately Suitable,Highly Suitable,Highly Suitable,Moderately Suitable,Highly Suitable,Highly Suitable
1015,Nyeri,Central,1728.2,1578.8,22.5,12.8,5.11,68.1,1.926,3.235,6.3,Well drained,Humic Andosols,Tea/Coffee,Highly Suitable,Highly Suitable,Highly Suitable,Moderately Suitable,Highly Suitable,Highly Suitable
1016,Trans Nzoia,Rift Valley,2361.4,1145.0,20.6,12.6,5.52,63.8,0.94,2.65,5.9,Well drained,Mollic Andosols,Wheat/Maize,Highly Suitable,Highly Suitable,Highly Suitable,Moderately Suitable,Highly Suitable,Highly Suitable
1017,Machakos,Eastern,1331.2,753.5,26.8,17.8,7.75,48.3,0.629,0.641,13.6,Moderately drained,Chromic Luvisols,Maize/Beans,Not Suitable,Moderately Suitable,Moderately Suitable,Highly Suitable,Not Suitable,Moderately Suitable
1018,Kwale,Coast,354.5,1099.5,30.7,22.6,6.11,75.2,0.603,0.694,1.2,Moderately drained,Ferralic Arenosols,Cashew/Coconut,Not Suitable,Highly Suitable,Moderately Suitable,Highly Suitable,Moderately Suitable,Highly Suitable
1019,Elgeyo Marakwet,Rift Valley,2370.0,1070.8,21.4,9.2,5.93,60.4,1.597,2.02,18.7,Well drained,Eutric Vertisols,Maize/Wheat,Highly Suitable,Highly Suitable,Highly Suitable,Moderately Suitable,Highly Suitable,Highly Suitable
1020,Kirinyaga,Central,1540.4,1387.4,24.0,13.0,5.17,67.5,1.753,2.433,11.9,Well drained,Humic Andosols,Tea/Rice,Highly Suitable,Highly Suitable,Highly Suitable,Moderately Suitable,Highly Suitable,Highly Suitable
1021,Taita Taveta,Coast,454.0,795.4,28.6,21.6,6.48,68.4,0.938,0.753,9.9,Well drained,Chromic Cambisols,Horticulture/Sisal,Not Suitable,Highly Suitable,Moderately Suitable,Highly Suitable,Moderately Suitable,Highly Suitable
1022,Kisii,Nyanza,1534.6,1492.0,26.5,16.6,5.15,77.5,1.907,2.938,7.7,Moderately drained,Humic Nitisols,Tea/Smallholder,Highly Suitable,Highly Suitable,Moderately Suitable,Moderately Suitable,Highly Suitable,Highly Suitable
1023,Nyandarua,Central,2744.3,1089.5,17.2,7.2,5.65,72.6,1.605,2.877,5.7,Well drained,Humic Andosols,Wheat/Pyrethrum,Moderately Suitable,Highly Suitable,Highly Suitable,Moderately Suitable,Highly Suitable,Highly Suitable
1024,Meru,Eastern,1165.3,1427.5,25.8,14.4,5.25,71.2,1.307,1.737,21.2,Moderately drained,Chromic Cambisols,Tea/Miraa,Highly Suitable,Highly Suitable,Moderately Suitable,Highly Suitable,Highly Suitable,Highly Suitable
1025,Kericho,Rift Valley,1708.3,1829.1,21.9,14.2,4.66,78.9,2.187,4.373,3.4,Well drained,Humic Nitisols,Tea/Forest,Highly Suitable,Moderately Suitable,Moderately Suitable,Not Suitable,Highly Suitable,Moderately Suitable
1026,West Pokot,Rift Valley,2089.4,1173.2,21.1,16.7,5.78,56.0,0.774,1.247,11.4,Moderately drained,Chromic Luvisols,Sorghum/Livestock,Moderately Suitable,Highly Suitable,Highly Suitable,Moderately Suitable,Highly Suitable,Highly Suitable
1027,Kericho,Rift Valley,2048.0,1817.8,21.7,11.8,4.69,77.5,2.515,3.82,4.8,Well drained,Humic Nitisols,Tea/Forest,Highly Suitable,Moderately Suitable,Moderately Suitable,Not Suitable,Moderately Suitable,Moderately Suitable
1028,Makueni,Eastern,806.1,724.0,28.3,19.4,6.81,53.1,0.442,0.4,4.0,Moderately drained,Chromic Luvisols,Sorghum/Mango,Not Suitable,Highly Suitable,Moderately Suitable,Highly Suitable,Not Suitable,Highly Suitable
1029,Narok,Rift Valley,2373.7,800.7,25.9,11.9,6.49,59.1,0.581,1.29,4.9,Well drained,Mollic Vertisols,Wheat/Livestock,Not Suitable,Highly Suitable,Highly Suitable,Highly Suitable,Moderately Suitable,Highly Suitable
1030,Siaya,Nyanza,1400.3,1093.9,28.5,19.5,6.19,73.3,0.75,0.889,7.2,Poorly drained,Eutric Vertisols,Maize/Sorghum,Moderately Suitable,Highly Suitable,Moderately Suitable,Highly Suitable,Highly Suitable,Highly Suitable
1031,Kirinyaga,Central,1427.9,1435.7,22.7,14.4,4.77,65.3,1.649,2.204,4.6,Well drained,Humic Andosols,Tea/Rice,Highly Suitable,Highly Suitable,Moderately Suitable,Moderately Suitable,Highly Suitable,Highly Suitable
1032,Kitui,Eastern,869.1,858.0,34.9,18.6,7.94,54.9,0.421,0.313,3.3,Moderately drained,Ferralic Cambisols,Sorghum/Cotton,Not Suitable,Moderately Suitable,Not Suitable,Highly Suitable,Not Suitable,Moderately Suitable
1033,Kisii,Nyanza,1477.9,1743.2,23.9,14.5,5.22,70.4,1.347,3.125,19.3,Moderately drained,Humic Nitisols,Tea/Smallholder,Highly Suitable,Highly Suitable,Moderately Suitable,Moderately Suitable,Highly Suitable,Highly Suitable
1034,Bungoma,Western,1885.1,1784.5,24.6,16.2,5.45,70.1,1.541,1.827,11.3,Moderately drained,Ferric Luvisols,Sugarcane/Maize,Highly Suitable,Highly Suitable,Moderately Suitable,Moderately Suitable,Highly Suitable,Highly Suitable
1035,Kakamega,Western,1767.2,1680.2,28.0,15.2,5.88,80.5,1.863,1.527,9.7,Moderately drained,Ferric Luvisols,Tea/Sugarcane,Highly Suitable,Highly Suitable,Moderately Suitable,Moderately Suitable,Highly Suitable,Highly Suitable
1036,Nakuru,Rift Valley,2342.1,825.8,27.1,15.5,7.99,60.3,1.142,1.734,3.7,Well drained,Eutric Vertisols,Wheat/Pyrethrum,Moderately Suitable,Highly Suitable,Highly Suitable,Highly Suitable,Not Suitable,Highly Suitable
1037,Trans Nzoia,Rift Valley,2214.8,1084.5,20.2,12.9,6.48,71.4,1.0,2.073,4.9,Well drained,Mollic Andosols,Wheat/Maize,Highly Suitable,Highly Suitable,Highly Suitable,Moderately Suitable,Highly Suitable,Highly Suitable
1038,Nyeri,Central,2296.1,1337.7,24.7,11.8,4.8,68.7,1.77,3.24,10.1,Well drained,Humic Andosols,Tea/Coffee,Highly Suitable,Moderately Suitable,Moderately Suitable,Not Suitable,Moderately Suitable,Moderately Suitable
1039,Mombasa,Coast,21.4,862.8,31.2,23.1,7.7,75.6,0.524,1.037,1.0,Poorly drained,Calcic Cambisols,Coconut/Cashew,Not Suitable,Moderately Suitable,Not Suitable,Highly Suitable,Not Suitable,Moderately Suitable
1040,Kajiado,Rift Valley,2429.4,349.7,24.9,19.5,7.76,47.3,0.489,0.384,9.4,Excessively drained,Calcic Cambisols,Livestock/Hort,Not Suitable,Not Suitable,Moderately Suitable,Moderately Suitable,Not Suitable,Moderately Suitable
1041,Uasin Gishu,Rift Valley,2390.6,1114.2,19.8,10.7,5.72,67.1,1.208,1.443,2.3,Well drained,Mollic Andosols,Wheat/Maize,Moderately Suitable,Highly Suitable,Highly Suitable,Moderately Suitable,Highly Suitable,Highly Suitable
1042,West Pokot,Rift Valley,1682.3,998.2,29.4,10.4,5.82,51.1,1.038,0.865,25.9,Moderately drained,Chromic Luvisols,Sorghum/Livestock,Moderately Suitable,Highly Suitable,Highly Suitable,Highly Suitable,Moderately Suitable,Highly Suitable
1043,Nyamira,Nyanza,1862.3,1270.8,24.1,15.7,5.2,73.5,1.4,2.081,16.1,Moderately drained,Humic Nitisols,Tea/Banana,Highly Suitable,Highly Suitable,Highly Suitable,Moderately Suitable,Highly Suitable,Highly Suitable
1044,Migori,Nyanza,1239.1,1051.2,29.5,15.6,5.77,63.5,1.286,1.033,10.3,Moderately drained,Ferric Luvisols,Maize/Tea(marginal),Moderately Suitable,Highly Suitable,Moderately Suitable,Highly Suitable,Highly Suitable,Highly Suitable
1045,Kericho,Rift Valley,1944.7,2046.7,21.9,14.4,5.13,74.4,2.528,3.236,8.3,Well drained,Humic Nitisols,Tea/Forest,Highly Suitable,Highly Suitable,Highly Suitable,Moderately Suitable,Highly Suitable,Highly Suitable
1046,Nyeri,Central,2109.2,1455.3,24.4,13.2,5.16,76.5,2.467,3.617,17.6,Well drained,Humic Andosols,Tea/Coffee,Highly Suitable,Highly Suitable,Moderately Suitable,Not Suitable,Highly Suitable,Highly Suitable
1047,Kitui,Eastern,1014.5,931.2,33.8,22.5,6.61,47.4,0.523,0.881,2.9,Moderately drained,Ferralic Cambisols,Sorghum/Cotton,Not Suitable,Highly Suitable,Moderately Suitable,Highly Suitable,Not Suitable,Highly Suitable
1048,Kwale,Coast,50.3,1399.9,28.4,20.4,7.75,72.2,0.69,0.928,4.7,Moderately drained,Ferralic Arenosols,Cashew/Coconut,Not Suitable,Moderately Suitable,Not Suitable,Highly Suitable,Not Suitable,Moderately Suitable
1049,Tharaka Nithi,Eastern,1369.6,1270.0,32.2,16.2,5.99,67.9,1.199,1.356,20.9,Moderately drained,Chromic Cambisols,Mango/Miraa,Moderately Suitable,Highly Suitable,Highly Suitable,Highly Suitable,Highly Suitable,Highly Suitable
1050,Murang'a,Central,1491.2,1221.2,26.4,14.8,4.87,75.9,1.258,2.982,17.8,Moderately drained,Humic Nitisols,Tea/Smallholder,Highly Suitable,Highly Suitable,Moderately Suitable,Moderately Suitable,Highly Suitable,Highly Suitable
1051,Kilifi,Coast,61.7,1197.4,31.7,22.4,6.37,76.3,0.605,1.108,0.7,Moderately drained,Ferralic Arenosols,Cashew/Cassava,Not Suitable,Highly Suitable,Moderately Suitable,Highly Suitable,Moderately Suitable,Highly Suitable
1052,Tharaka Nithi,Eastern,1620.1,1234.6,30.8,16.3,6.78,60.3,0.617,0.64,12.7,Moderately drained,Chromic Cambisols,Mango/Miraa,Moderately Suitable,Moderately Suitable,Moderately Suitable,Highly Suitable,Moderately Suitable,Highly Suitable
1053,Embu,Eastern,1763.2,1180.7,23.4,14.0,6.24,73.5,1.64,1.738,5.0,Moderately drained,Chromic Cambisols,Coffee/Tea,Highly Suitable,Highly Suitable,Highly Suitable,Moderately Suitable,Highly Suitable,Highly Suitable
1054,Murang'a,Central,1679.1,1240.9,25.8,16.8,5.0,72.6,1.401,2.711,5.4,Moderately drained,Humic Nitisols,Tea/Smallholder,Highly Suitable,Highly Suitable,Highly Suitable,Moderately Suitable,Highly Suitable,Highly Suitable
1055,Kiambu,Central,1705.3,1398.3,24.8,13.4,5.47,62.0,1.24,2.34,14.7,Moderately drained,Humic Nitisols,Tea/Horticulture,Highly Suitable,Highly Suitable,Moderately Suitable,Moderately Suitable,Highly Suitable,Highly Suitable
1056,Trans Nzoia,Rift Valley,2340.4,1107.6,19.1,8.8,6.92,70.6,1.535,2.987,2.5,Well drained,Mollic Andosols,Wheat/Maize,Highly Suitable,Highly Suitable,Highly Suitable,Moderately Suitable,Highly Suitable,Highly Suitable
1057,Turkana,Rift Valley,872.7,226.2,37.6,23.0,9.31,41.1,0.122,0.132,3.4,Excessively drained,Haplic Arenosols,Pastoralism,Not Suitable,Not Suitable,Not Suitable,Moderately Suitable,Not Suitable,Not Suitable
1058,Mandera,North Eastern,477.2,80.0,38.1,23.6,9.25,26.0,0.157,0.255,0.8,Excessively drained,Haplic Arenosols,Pastoralism,Not Suitable,Not Suitable,Not Suitable,Not Suitable,Not Suitable,Not Suitable
1059,Kisii,Nyanza,1824.5,1581.6,23.6,16.3,5.4,71.9,1.748,2.369,14.1,Moderately drained,Humic Nitisols,Tea/Smallholder,Highly Suitable,Highly Suitable,Highly Suitable,Moderately Suitable,Highly Suitable,Highly Suitable
1060,Trans Nzoia,Rift Valley,2241.9,1205.7,22.8,10.9,6.03,69.6,1.278,1.619,5.0,Well drained,Mollic Andosols,Wheat/Maize,Highly Suitable,Highly Suitable,Highly Suitable,Moderately Suitable,Highly Suitable,Highly Suitable
1061,Nyeri,Central,1651.4,1578.9,25.0,10.2,4.62,72.5,2.534,2.832,12.6,Well drained,Humic Andosols,Tea/Coffee,Highly Suitable,Highly Suitable,Moderately Suitable,Moderately Suitable,Highly Suitable,Highly Suitable
1062,Kericho,Rift Valley,1842.4,1590.9,24.0,13.5,4.49,74.8,2.708,2.979,3.4,Well drained,Humic Nitisols,Tea/Forest,Highly Suitable,Highly Suitable,Moderately Suitable,Moderately Suitable,Highly Suitable,Highly Suitable
1063,Nyamira,Nyanza,1483.1,1797.7,23.2,13.5,5.38,71.4,1.962,2.633,12.8,Moderately drained,Humic Nitisols,Tea/Banana,Highly Suitable,Highly Suitable,Moderately Suitable,Moderately Suitable,Highly Suitable,Highly Suitable
1064,Elgeyo Marakwet,Rift Valley,1727.2,1137.7,20.1,12.3,6.19,65.1,1.33,2.639,9.7,Well drained,Eutric Vertisols,Maize/Wheat,Highly Suitable,Highly Suitable,Highly Suitable,Moderately Suitable,Highly Suitable,Highly Suitable
1065,Homa Bay,Nyanza,1427.3,1309.7,32.1,17.7,6.55,73.1,0.7,1.518,7.8,Moderately drained,Chromic Luvisols,Maize/Sorghum,Moderately Suitable,Highly Suitable,Moderately Suitable,Highly Suitable,Moderately Suitable,Highly Suitable
1066,Taita Taveta,Coast,1939.7,539.7,22.9,16.2,5.91,56.6,1.138,1.432,3.1,Well drained,Chromic Cambisols,Horticulture/Sisal,Moderately Suitable,Highly Suitable,Highly Suitable,Highly Suitable,Highly Suitable,Highly Suitable
1067,Isiolo,Eastern,895.4,429.5,32.7,22.5,7.26,51.4,0.559,0.768,4.6,Excessively drained,Chromic Luvisols,Livestock,Not Suitable,Moderately Suitable,Moderately Suitable,Highly Suitable,Not Suitable,Highly Suitable
1068,Mombasa,Coast,22.1,845.9,31.6,23.4,8.13,82.0,0.529,1.107,3.0,Poorly drained,Calcic Cambisols,Coconut/Cashew,Not Suitable,Moderately Suitable,Not Suitable,Highly Suitable,Not Suitable,Moderately Suitable
1069,Migori,Nyanza,1500.3,1121.3,28.1,17.0,5.38,64.7,1.135,1.154,4.7,Moderately drained,Ferric Luvisols,Maize/Tea(marginal),Moderately Suitable,Highly Suitable,Moderately Suitable,Highly Suitable,Highly Suitable,Highly Suitable
1070,Kiambu,Central,1785.3,1249.2,22.4,13.4,5.19,71.7,1.758,1.594,14.5,Moderately drained,Humic Nitisols,Tea/Horticulture,Highly Suitable,Highly Suitable,Highly Suitable,Moderately Suitable,Highly Suitable,Highly Suitable
1071,Laikipia,Central,2249.7,542.2,25.5,16.0,8.03,48.6,0.701,0.81,3.9,Well drained,Chromic Luvisols,Livestock/Wheat,Not Suitable,Moderately Suitable,Moderately Suitable,Highly Suitable,Not Suitable,Moderately Suitable
1072,Kakamega,Western,1504.1,1925.0,28.9,15.0,5.63,75.0,1.696,2.196,9.8,Moderately drained,Ferric Luvisols,Tea/Sugarcane,Highly Suitable,Highly Suitable,Moderately Suitable,Highly Suitable,Highly Suitable,Highly Suitable
1073,Kericho,Rift Valley,1797.6,1908.1,22.4,11.1,4.94,73.8,2.74,4.408,11.1,Well drained,Humic Nitisols,Tea/Forest,Highly Suitable,Moderately Suitable,Moderately Suitable,Moderately Suitable,Highly Suitable,Moderately Suitable
1074,Bomet,Rift Valley,1711.3,1382.9,24.0,13.7,4.78,69.7,1.776,3.363,12.9,Well drained,Humic Nitisols,Tea/Dairy,Highly Suitable,Highly Suitable,Moderately Suitable,Moderately Suitable,Highly Suitable,Highly Suitable
1075,Nyandarua,Central,2945.1,1078.9,21.5,7.1,6.12,73.4,1.679,2.714,9.3,Well drained,Humic Andosols,Wheat/Pyrethrum,Moderately Suitable,Highly Suitable,Highly Suitable,Moderately Suitable,Highly Suitable,Highly Suitable
1076,Kakamega,Western,1605.0,1974.1,26.2,14.2,5.77,75.0,1.481,1.747,4.6,Moderately drained,Ferric Luvisols,Tea/Sugarcane,Highly Suitable,Highly Suitable,Highly Suitable,Highly Suitable,Highly Suitable,Highly Suitable
1077,Kericho,Rift Valley,1758.0,1605.6,20.8,15.3,5.0,76.7,1.898,3.483,6.7,Well drained,Humic Nitisols,Tea/Forest,Highly Suitable,Highly Suitable,Highly Suitable,Moderately Suitable,Highly Suitable,Highly Suitable
1078,Bungoma,Western,1367.9,1508.4,28.2,14.9,6.48,74.8,1.059,2.591,6.1,Moderately drained,Ferric Luvisols,Sugarcane/Maize,Moderately Suitable,Highly Suitable,Moderately Suitable,Highly Suitable,Highly Suitable,Highly Suitable
1079,Tana River,Coast,162.9,387.1,34.3,23.2,8.02,58.1,0.468,0.652,0.6,Poorly drained,Eutric Vertisols,Irrigation/Livestock,Not Suitable,Not Suitable,Not Suitable,Highly Suitable,Not Suitable,Moderately Suitable
1080,Trans Nzoia,Rift Valley,2290.9,1312.3,23.4,10.9,6.53,64.4,1.349,2.199,2.3,Well drained,Mollic Andosols,Wheat/Maize,Highly Suitable,Highly Suitable,Highly Suitable,Moderately Suitable,Highly Suitable,Highly Suitable
1081,Turkana,Rift Valley,1405.0,343.8,37.8,23.1,8.29,36.7,0.199,0.355,7.0,Excessively drained,Haplic Arenosols,Pastoralism,Not Suitable,Not Suitable,Not Suitable,Moderately Suitable,Not Suitable,Not Suitable
1082,Tharaka Nithi,Eastern,1696.0,749.5,24.5,15.9,6.48,63.0,0.653,0.797,9.7,Moderately drained,Chromic Cambisols,Mango/Miraa,Moderately Suitable,Highly Suitable,Highly Suitable,Highly Suitable,Moderately Suitable,Highly Suitable
1083,West Pokot,Rift Valley,2452.2,664.9,28.3,16.3,6.08,52.7,0.702,1.637,21.1,Moderately drained,Chromic Luvisols,Sorghum/Livestock,Moderately Suitable,Highly Suitable,Highly Suitable,Highly Suitable,Not Suitable,Highly Suitable
1084,Kisumu,Nyanza,1347.6,1138.1,27.3,19.6,6.38,64.9,0.615,1.55,2.5,Poorly drained,Eutric Vertisols,Maize/Rice,Not Suitable,Highly Suitable,Highly Suitable,Highly Suitable,Highly Suitable,Highly Suitable
1085,Uasin Gishu,Rift Valley,2359.0,967.4,22.6,12.6,6.21,65.6,1.101,1.769,3.2,Well drained,Mollic Andosols,Wheat/Maize,Moderately Suitable,Highly Suitable,Highly Suitable,Moderately Suitable,Moderately Suitable,Highly Suitable
1086,Samburu,Rift Valley,1586.3,687.6,28.8,23.1,7.65,51.5,0.313,0.772,3.0,Excessively drained,Chromic Luvisols,Pastoralism,Not Suitable,Moderately Suitable,Moderately Suitable,Highly Suitable,Not Suitable,Moderately Suitable
1087,Isiolo,Eastern,582.8,377.5,34.8,22.1,8.4,35.9,0.435,0.542,5.4,Excessively drained,Chromic Luvisols,Livestock,Not Suitable,Not Suitable,Not Suitable,Highly Suitable,Not Suitable,Not Suitable
1088,Siaya,Nyanza,1235.6,1458.6,25.6,15.9,6.06,66.9,0.844,1.716,1.7,Poorly drained,Eutric Vertisols,Maize/Sorghum,Moderately Suitable,Highly Suitable,Moderately Suitable,Highly Suitable,Highly Suitable,Highly Suitable
1089,Laikipia,Central,1869.0,607.3,25.9,10.7,8.43,48.1,0.552,0.966,3.7,Well drained,Chromic Luvisols,Livestock/Wheat,Not Suitable,Moderately Suitable,Moderately Suitable,Highly Suitable,Not Suitable,Highly Suitable
1090,Nyeri,Central,2472.9,1371.3,22.7,11.8,5.47,69.8,2.293,3.876,19.2,Well drained,Humic Andosols,Tea/Coffee,Highly Suitable,Moderately Suitable,Highly Suitable,Moderately Suitable,Highly Suitable,Highly Suitable
1091,Mombasa,Coast,45.2,967.4,33.8,23.2,7.8,83.2,0.509,1.411,5.0,Poorly drained,Calcic Cambisols,Coconut/Cashew,Not Suitable,Moderately Suitable,Not Suitable,Highly Suitable,Not Suitable,Moderately Suitable
1092,Narok,Rift Valley,2108.6,916.9,20.2,13.7,7.04,52.7,0.543,0.879,9.1,Well drained,Mollic Vertisols,Wheat/Livestock,Moderately Suitable,Highly Suitable,Highly Suitable,Moderately Suitable,Not Suitable,Highly Suitable
1093,Marsabit,Eastern,443.5,423.8,27.3,20.0,7.03,34.0,0.556,0.631,2.0,Excessively drained,Chromic Cambisols,Livestock,Not Suitable,Moderately Suitable,Not Suitable,Highly Suitable,Not Suitable,Highly Suitable
1094,Machakos,Eastern,1429.8,764.2,30.7,18.2,6.98,50.2,0.931,1.077,6.8,Moderately drained,Chromic Luvisols,Maize/Beans,Not Suitable,Highly Suitable,Highly Suitable,Highly Suitable,Not Suitable,Highly Suitable
1095,Makueni,Eastern,976.0,554.6,31.6,21.1,6.79,42.0,0.749,0.68,10.8,Moderately drained,Chromic Luvisols,Sorghum/Mango,Not Suitable,Moderately Suitable,Moderately Suitable,Highly Suitable,Not Suitable,Highly Suitable
1096,Nyeri,Central,1761.7,1447.4,24.6,10.7,5.36,72.9,1.847,3.941,11.7,Well drained,Humic Andosols,Tea/Coffee,Highly Suitable,Highly Suitable,Moderately Suitable,Moderately Suitable,Highly Suitable,Highly Suitable
1097,Kisumu,Nyanza,1392.6,1052.1,31.0,17.5,6.17,68.2,0.66,1.732,3.6,Poorly drained,Eutric Vertisols,Maize/Rice,Moderately Suitable,Highly Suitable,Moderately Suitable,Highly Suitable,Highly Suitable,Highly Suitable
1098,Kisii,Nyanza,1551.7,1842.3,26.8,15.8,5.77,73.9,1.218,2.642,15.9,Moderately drained,Humic Nitisols,Tea/Smallholder,Highly Suitable,Highly Suitable,Highly Suitable,Highly Suitable,Highly Suitable,Highly Suitable
1099,Isiolo,Eastern,638.9,410.7,31.3,17.4,8.17,41.9,0.546,0.219,6.8,Excessively drained,Chromic Luvisols,Livestock,Not Suitable,Moderately Suitable,Not Suitable,Highly Suitable,Not Suitable,Moderately Suitable
1100,Nandi,Rift Valley,1825.0,1701.5,22.6,11.6,5.29,79.8,2.026,2.343,6.3,Well drained,Humic Nitisols,Tea/Maize,Highly Suitable,Highly Suitable,Highly Suitable,Moderately Suitable,Highly Suitable,Highly Suitable
1101,Embu,Eastern,1577.3,1148.3,22.8,13.7,6.13,66.1,1.79,2.079,6.5,Moderately drained,Chromic Cambisols,Coffee/Tea,Highly Suitable,Highly Suitable,Highly Suitable,Moderately Suitable,Highly Suitable,Highly Suitable
1102,Baringo,Rift Valley,1618.6,568.2,29.0,17.9,7.88,65.8,0.646,1.739,17.6,Moderately drained,Eutric Vertisols,Maize/Livestock,Not Suitable,Moderately Suitable,Highly Suitable,Highly Suitable,Moderately Suitable,Highly Suitable
1103,Kericho,Rift Valley,1976.9,1991.1,23.5,14.1,5.0,76.5,2.428,3.669,11.0,Well drained,Humic Nitisols,Tea/Forest,Highly Suitable,Highly Suitable,Highly Suitable,Moderately Suitable,Highly Suitable,Highly Suitable
1104,Nyeri,Central,2133.1,1815.7,20.0,12.5,5.16,75.3,1.732,3.632,18.6,Well drained,Humic Andosols,Tea/Coffee,Highly Suitable,Moderately Suitable,Highly Suitable,Not Suitable,Highly Suitable,Highly Suitable
1105,Kirinyaga,Central,2096.5,1569.2,23.8,14.0,4.77,70.0,1.551,1.959,9.8,Well drained,Humic Andosols,Tea/Rice,Highly Suitable,Moderately Suitable,Moderately Suitable,Not Suitable,Highly Suitable,Highly Suitable
1106,Murang'a,Central,1727.0,1714.9,27.4,13.2,4.96,66.4,1.926,3.19,7.0,Moderately drained,Humic Nitisols,Tea/Smallholder,Highly Suitable,Highly Suitable,Moderately Suitable,Moderately Suitable,Highly Suitable,Moderately Suitable
1107,Migori,Nyanza,1624.6,1028.8,27.1,14.9,6.23,68.2,0.946,1.433,10.5,Moderately drained,Ferric Luvisols,Maize/Tea(marginal),Moderately Suitable,Highly Suitable,Highly Suitable,Highly Suitable,Highly Suitable,Highly Suitable
1108,Kericho,Rift Valley,1702.8,1914.2,24.7,14.6,5.07,72.7,2.158,2.732,10.6,Well drained,Humic Nitisols,Tea/Forest,Highly Suitable,Highly Suitable,Moderately Suitable,Moderately Suitable,Highly Suitable,Highly Suitable
1109,Taita Taveta,Coast,1148.4,910.7,30.7,21.6,6.0,66.9,0.917,1.049,20.1,Well drained,Chromic Cambisols,Horticulture/Sisal,Not Suitable,Highly Suitable,Moderately Suitable,Highly Suitable,Moderately Suitable,Highly Suitable
1110,Garissa,North Eastern,156.0,223.8,35.7,23.8,8.18,30.4,0.144,0.113,1.4,Excessively drained,Haplic Arenosols,Livestock,Not Suitable,Not Suitable,Not Suitable,Moderately Suitable,Not Suitable,Not Suitable
1111,Bomet,Rift Valley,1936.9,1599.2,22.5,14.7,5.14,74.0,2.014,3.036,7.7,Well drained,Humic Nitisols,Tea/Dairy,Highly Suitable,Highly Suitable,Highly Suitable,Moderately Suitable,Highly Suitable,Highly Suitable
1112,Kakamega,Western,1602.5,1907.3,24.3,15.0,5.34,77.7,1.332,1.71,4.2,Moderately drained,Ferric Luvisols,Tea/Sugarcane,Highly Suitable,Highly Suitable,Moderately Suitable,Moderately Suitable,Highly Suitable,Highly Suitable
1113,Makueni,Eastern,1758.8,394.6,29.1,17.3,7.4,51.4,0.518,0.732,13.7,Moderately drained,Chromic Luvisols,Sorghum/Mango,Not Suitable,Moderately Suitable,Moderately Suitable,Highly Suitable,Not Suitable,Moderately Suitable
1114,Samburu,Rift Valley,1959.5,302.0,29.5,19.9,8.25,33.4,0.517,0.671,6.3,Excessively drained,Chromic Luvisols,Pastoralism,Not Suitable,Not Suitable,Not Suitable,Moderately Suitable,Not Suitable,Moderately Suitable
1115,Machakos,Eastern,1677.4,839.3,25.7,14.5,7.92,50.2,0.912,1.363,16.1,Moderately drained,Chromic Luvisols,Maize/Beans,Not Suitable,Highly Suitable,Highly Suitable,Highly Suitable,Moderately Suitable,Highly Suitable
1116,Migori,Nyanza,1649.1,1198.8,26.3,17.5,6.45,65.5,1.008,1.955,8.1,Moderately drained,Ferric Luvisols,Maize/Tea(marginal),Moderately Suitable,Highly Suitable,Highly Suitable,Highly Suitable,Highly Suitable,Highly Suitable
1117,Uasin Gishu,Rift Valley,2423.6,1034.6,20.4,8.4,6.6,67.9,0.971,1.748,6.9,Well drained,Mollic Andosols,Wheat/Maize,Moderately Suitable,Highly Suitable,Highly Suitable,Moderately Suitable,Moderately Suitable,Highly Suitable
1118,Meru,Eastern,1247.5,1332.1,23.8,17.5,6.02,66.9,1.042,2.285,6.8,Moderately drained,Chromic Cambisols,Tea/Miraa,Highly Suitable,Highly Suitable,Highly Suitable,Highly Suitable,Highly Suitable,Highly Suitable
1119,Turkana,Rift Valley,1037.0,283.4,39.4,26.2,8.21,41.1,0.155,0.264,1.7,Excessively drained,Haplic Arenosols,Pastoralism,Not Suitable,Not Suitable,Not Suitable,Moderately Suitable,Not Suitable,Not Suitable
1120,Kakamega,Western,1613.6,1576.4,24.4,15.7,5.29,77.9,1.704,1.566,3.0,Moderately drained,Ferric Luvisols,Tea/Sugarcane,Highly Suitable,Highly Suitable,Moderately Suitable,Moderately Suitable,Highly Suitable,Highly Suitable
1121,Nyeri,Central,2380.3,1620.2,21.2,12.9,4.97,76.7,2.501,3.043,9.2,Well drained,Humic Andosols,Tea/Coffee,Highly Suitable,Moderately Suitable,Moderately Suitable,Not Suitable,Moderately Suitable,Moderately Suitable
1122,Trans Nzoia,Rift Valley,2267.6,1368.3,19.7,8.3,5.97,66.1,1.013,2.487,8.0,Well drained,Mollic Andosols,Wheat/Maize,Highly Suitable,Highly Suitable,Highly Suitable,Moderately Suitable,Highly Suitable,Highly Suitable
1123,Uasin Gishu,Rift Valley,2333.5,1302.2,23.7,8.9,7.04,66.8,0.977,1.287,2.9,Well drained,Mollic Andosols,Wheat/Maize,Moderately Suitable,Moderately Suitable,Highly Suitable,Moderately Suitable,Moderately Suitable,Highly Suitable
1124,Nairobi,Nairobi,1674.6,978.0,26.1,13.0,5.6,55.2,0.613,0.81,1.8,Moderately drained,Chromic Luvisols,Urban/Horticulture,Moderately Suitable,Highly Suitable,Highly Suitable,Highly Suitable,Moderately Suitable,Highly Suitable
1125,Migori,Nyanza,1601.1,1169.0,26.8,18.7,5.49,67.1,1.125,1.906,11.0,Moderately drained,Ferric Luvisols,Maize/Tea(marginal),Highly Suitable,Highly Suitable,Highly Suitable,Moderately Suitable,Highly Suitable,Highly Suitable
1126,Nyamira,Nyanza,1597.5,1294.7,23.9,14.7,5.11,75.5,1.486,2.489,7.4,Moderately drained,Humic Nitisols,Tea/Banana,Highly Suitable,Highly Suitable,Highly Suitable,Moderately Suitable,Highly Suitable,Highly Suitable
1127,Kitui,Eastern,1437.7,706.8,28.1,18.5,7.12,48.6,0.226,0.411,16.6,Moderately drained,Ferralic Cambisols,Sorghum/Cotton,Not Suitable,Highly Suitable,Moderately Suitable,Highly Suitable,Not Suitable,Moderately Suitable
1128,Trans Nzoia,Rift Valley,2316.5,939.5,23.6,12.2,5.93,60.9,1.019,1.69,1.9,Well drained,Mollic Andosols,Wheat/Maize,Highly Suitable,Highly Suitable,Highly Suitable,Moderately Suitable,Moderately Suitable,Highly Suitable
1129,Siaya,Nyanza,1170.8,1318.1,27.1,19.3,6.61,69.3,0.855,1.052,6.4,Poorly drained,Eutric Vertisols,Maize/Sorghum,Not Suitable,Highly Suitable,Moderately Suitable,Highly Suitable,Moderately Suitable,Highly Suitable
1130,Nyeri,Central,2007.1,1677.2,22.0,12.9,4.58,68.6,1.847,2.519,18.1,Well drained,Humic Andosols,Tea/Coffee,Highly Suitable,Moderately Suitable,Moderately Suitable,Not Suitable,Highly Suitable,Moderately Suitable
1131,Kirinyaga,Central,2036.7,1162.4,24.0,11.9,4.83,74.6,1.45,2.248,4.0,Well drained,Humic Andosols,Tea/Rice,Highly Suitable,Highly Suitable,Highly Suitable,Not Suitable,Highly Suitable,Highly Suitable
1132,Mombasa,Coast,87.4,1110.6,32.3,25.4,8.13,70.1,0.501,1.407,3.7,Poorly drained,Calcic Cambisols,Coconut/Cashew,Not Suitable,Moderately Suitable,Not Suitable,Moderately Suitable,Not Suitable,Moderately Suitable
1133,Homa Bay,Nyanza,1404.8,1063.7,28.3,20.2,5.97,73.2,0.708,1.463,7.0,Moderately drained,Chromic Luvisols,Maize/Sorghum,Moderately Suitable,Highly Suitable,Moderately Suitable,Highly Suitable,Highly Suitable,Highly Suitable
1134,Elgeyo Marakwet,Rift Valley,1930.2,946.5,25.0,10.3,6.04,65.3,1.048,1.658,14.2,Well drained,Eutric Vertisols,Maize/Wheat,Highly Suitable,Highly Suitable,Highly Suitable,Highly Suitable,Highly Suitable,Highly Suitable
1135,Trans Nzoia,Rift Valley,1876.0,1046.9,17.9,8.9,6.99,65.3,1.272,2.81,8.0,Well drained,Mollic Andosols,Wheat/Maize,Moderately Suitable,Highly Suitable,Highly Suitable,Moderately Suitable,Highly Suitable,Highly Suitable
1136,Murang'a,Central,1874.0,1308.1,22.7,14.6,4.94,72.6,1.546,3.459,13.0,Moderately drained,Humic Nitisols,Tea/Smallholder,Highly Suitable,Highly Suitable,Moderately Suitable,Moderately Suitable,Highly Suitable,Highly Suitable
1137,Embu,Eastern,1248.7,1390.5,21.0,14.0,5.42,70.3,1.613,1.826,15.4,Moderately drained,Chromic Cambisols,Coffee/Tea,Highly Suitable,Highly Suitable,Moderately Suitable,Moderately Suitable,Highly Suitable,Highly Suitable
1138,Nyeri,Central,1915.6,1309.1,19.4,11.6,4.59,73.7,2.289,3.801,8.0,Well drained,Humic Andosols,Tea/Coffee,Highly Suitable,Moderately Suitable,Moderately Suitable,Not Suitable,Highly Suitable,Highly Suitable
1139,Bungoma,Western,1472.1,1353.8,23.8,13.7,5.62,75.9,1.725,2.568,4.3,Moderately drained,Ferric Luvisols,Sugarcane/Maize,Highly Suitable,Highly Suitable,Highly Suitable,Moderately Suitable,Highly Suitable,Highly Suitable
1140,Kwale,Coast,157.3,960.1,30.9,24.3,7.0,81.2,0.325,1.154,7.0,Moderately drained,Ferralic Arenosols,Cashew/Coconut,Not Suitable,Highly Suitable,Moderately Suitable,Highly Suitable,Not Suitable,Highly Suitable
1141,Murang'a,Central,1973.2,1609.0,23.6,15.8,5.26,67.8,2.041,1.865,16.6,Moderately drained,Humic Nitisols,Tea/Smallholder,Highly Suitable,Highly Suitable,Highly Suitable,Moderately Suitable,Highly Suitable,Highly Suitable
1142,Machakos,Eastern,1774.6,942.9,26.2,19.7,6.1,57.1,0.434,1.394,12.0,Moderately drained,Chromic Luvisols,Maize/Beans,Moderately Suitable,Highly Suitable,Highly Suitable,Highly Suitable,Moderately Suitable,Highly Suitable
1143,Kiambu,Central,2118.4,1230.6,24.7,14.5,6.09,62.2,1.381,2.394,11.7,Moderately drained,Humic Nitisols,Tea/Horticulture,Highly Suitable,Highly Suitable,Highly Suitable,Moderately Suitable,Highly Suitable,Highly Suitable
1144,Kiambu,Central,2032.7,1482.2,25.7,13.2,5.15,71.4,1.515,1.563,7.3,Moderately drained,Humic Nitisols,Tea/Horticulture,Highly Suitable,Highly Suitable,Moderately Suitable,Moderately Suitable,Highly Suitable,Highly Suitable
1145,Kisumu,Nyanza,1275.6,1263.2,26.3,20.7,7.02,61.3,0.775,1.172,6.4,Poorly drained,Eutric Vertisols,Maize/Rice,Moderately Suitable,Highly Suitable,Moderately Suitable,Highly Suitable,Moderately Suitable,Highly Suitable
1146,Kirinyaga,Central,1513.0,1324.8,21.2,12.1,4.88,67.0,2.026,2.286,15.1,Well drained,Humic Andosols,Tea/Rice,Highly Suitable,Highly Suitable,Moderately Suitable,Moderately Suitable,Highly Suitable,Highly Suitable
1147,Nyeri,Central,2301.6,1462.1,19.3,13.9,5.34,77.3,2.595,2.548,10.9,Well drained,Humic Andosols,Tea/Coffee,Highly Suitable,Moderately Suitable,Highly Suitable,Not Suitable,Highly Suitable,Highly Suitable
1148,Murang'a,Central,1774.8,1376.3,23.2,13.5,5.33,73.5,1.844,2.702,4.6,Moderately drained,Humic Nitisols,Tea/Smallholder,Highly Suitable,Highly Suitable,Highly Suitable,Moderately Suitable,Highly Suitable,Highly Suitable
1149,Narok,Rift Valley,2584.7,778.5,22.0,13.5,6.11,54.3,0.854,1.316,7.6,Well drained,Mollic Vertisols,Wheat/Livestock,Not Suitable,Highly Suitable,Highly Suitable,Highly Suitable,Moderately Suitable,Highly Suitable
1150,Kakamega,Western,1690.7,1713.4,28.3,15.1,5.9,74.1,1.793,2.311,2.8,Moderately drained,Ferric Luvisols,Tea/Sugarcane,Highly Suitable,Highly Suitable,Moderately Suitable,Highly Suitable,Highly Suitable,Highly Suitable
1151,Migori,Nyanza,1668.4,1207.1,27.2,17.5,6.01,66.1,1.088,1.877,2.4,Moderately drained,Ferric Luvisols,Maize/Tea(marginal),Highly Suitable,Highly Suitable,Highly Suitable,Highly Suitable,Highly Suitable,Highly Suitable
1152,Migori,Nyanza,1485.3,1056.9,28.2,18.5,6.19,69.6,1.17,2.188,2.9,Moderately drained,Ferric Luvisols,Maize/Tea(marginal),Moderately Suitable,Highly Suitable,Highly Suitable,Highly Suitable,Highly Suitable,Highly Suitable
1153,Kirinyaga,Central,1800.3,1500.8,24.0,13.6,4.85,66.7,1.836,2.819,6.2,Well drained,Humic Andosols,Tea/Rice,Highly Suitable,Highly Suitable,Moderately Suitable,Moderately Suitable,Highly Suitable,Highly Suitable
1154,Kajiado,Rift Valley,1994.4,494.1,27.5,18.7,6.67,52.6,0.354,0.834,11.3,Excessively drained,Calcic Cambisols,Livestock/Hort,Not Suitable,Highly Suitable,Highly Suitable,Highly Suitable,Not Suitable,Highly Suitable
1155,Murang'a,Central,1899.0,1360.5,24.9,14.2,5.71,67.9,1.63,3.284,15.8,Moderately drained,Humic Nitisols,Tea/Smallholder,Highly Suitable,Highly Suitable,Highly Suitable,Moderately Suitable,Highly Suitable,Highly Suitable
1156,Uasin Gishu,Rift Valley,2438.5,1178.8,22.4,9.3,6.67,58.3,1.063,2.015,2.0,Well drained,Mollic Andosols,Wheat/Maize,Moderately Suitable,Highly Suitable,Highly Suitable,Moderately Suitable,Moderately Suitable,Highly Suitable
1157,Kericho,Rift Valley,2054.0,1606.7,26.1,15.2,4.68,73.8,1.983,3.108,7.2,Well drained,Humic Nitisols,Tea/Forest,Highly Suitable,Moderately Suitable,Moderately Suitable,Moderately Suitable,Moderately Suitable,Moderately Suitable
1158,Nandi,Rift Valley,1649.8,1602.4,22.4,15.0,5.37,70.4,2.206,3.85,5.2,Well drained,Humic Nitisols,Tea/Maize,Highly Suitable,Highly Suitable,Highly Suitable,Moderately Suitable,Highly Suitable,Highly Suitable
1159,West Pokot,Rift Valley,2119.5,1206.0,22.3,14.6,7.37,58.6,1.277,1.343,8.6,Moderately drained,Chromic Luvisols,Sorghum/Livestock,Moderately Suitable,Highly Suitable,Highly Suitable,Moderately Suitable,Moderately Suitable,Highly Suitable
1160,Nyandarua,Central,2862.7,1038.9,15.2,7.6,5.89,73.2,1.133,1.721,14.0,Well drained,Humic Andosols,Wheat/Pyrethrum,Moderately Suitable,Moderately Suitable,Highly Suitable,Moderately Suitable,Moderately Suitable,Highly Suitable
1161,Mombasa,Coast,82.8,886.2,35.2,25.3,8.3,77.3,0.571,1.419,4.5,Poorly drained,Calcic Cambisols,Coconut/Cashew,Not Suitable,Moderately Suitable,Not Suitable,Highly Suitable,Not Suitable,Moderately Suitable
1162,Baringo,Rift Valley,1342.0,481.3,27.6,14.8,6.66,61.0,0.862,0.818,2.9,Moderately drained,Eutric Vertisols,Maize/Livestock,Not Suitable,Highly Suitable,Highly Suitable,Highly Suitable,Moderately Suitable,Highly Suitable
1163,Siaya,Nyanza,1322.0,1130.4,30.6,18.8,6.97,62.5,0.8,1.035,1.1,Poorly drained,Eutric Vertisols,Maize/Sorghum,Not Suitable,Highly Suitable,Moderately Suitable,Highly Suitable,Moderately Suitable,Highly Suitable
1164,Bomet,Rift Valley,1798.8,1665.8,24.4,13.1,5.33,70.7,2.214,2.674,9.0,Well drained,Humic Nitisols,Tea/Dairy,Highly Suitable,Highly Suitable,Moderately Suitable,Moderately Suitable,Highly Suitable,Highly Suitable
1165,Turkana,Rift Valley,376.8,251.9,41.3,26.3,7.9,28.0,0.203,0.199,6.9,Excessively drained,Haplic Arenosols,Pastoralism,Not Suitable,Not Suitable,Not Suitable,Moderately Suitable,Not Suitable,Not Suitable
1166,Elgeyo Marakwet,Rift Valley,1613.6,1345.7,24.2,12.7,5.29,67.1,1.495,1.734,28.9,Well drained,Eutric Vertisols,Maize/Wheat,Highly Suitable,Highly Suitable,Moderately Suitable,Moderately Suitable,Highly Suitable,Highly Suitable
1167,Kisumu,Nyanza,1353.3,928.5,31.9,16.2,6.68,67.9,0.821,0.866,5.4,Poorly drained,Eutric Vertisols,Maize/Rice,Not Suitable,Highly Suitable,Highly Suitable,Highly Suitable,Moderately Suitable,Highly Suitable
1168,Kiambu,Central,2142.8,1005.2,24.3,12.9,4.95,62.4,1.14,2.627,6.4,Moderately drained,Humic Nitisols,Tea/Horticulture,Highly Suitable,Highly Suitable,Moderately Suitable,Moderately Suitable,Highly Suitable,Highly Suitable
1169,Uasin Gishu,Rift Valley,2371.2,1051.4,23.8,11.0,7.03,62.9,1.223,2.019,3.9,Well drained,Mollic Andosols,Wheat/Maize,Moderately Suitable,Highly Suitable,Highly Suitable,Moderately Suitable,Moderately Suitable,Highly Suitable
1170,Vihiga,Western,1665.0,1382.7,24.1,14.8,5.49,75.6,1.694,1.792,12.3,Moderately drained,Ferric Luvisols,Tea/Maize,Highly Suitable,Highly Suitable,Moderately Suitable,Moderately Suitable,Highly Suitable,Highly Suitable
1171,Kwale,Coast,74.1,841.1,32.8,21.2,6.46,70.4,0.875,1.611,2.8,Moderately drained,Ferralic Arenosols,Cashew/Coconut,Not Suitable,Highly Suitable,Moderately Suitable,Highly Suitable,Moderately Suitable,Highly Suitable
1172,Uasin Gishu,Rift Valley,2044.7,1117.3,19.7,8.1,6.78,65.5,1.207,2.164,5.7,Well drained,Mollic Andosols,Wheat/Maize,Moderately Suitable,Highly Suitable,Highly Suitable,Moderately Suitable,Highly Suitable,Highly Suitable
1173,Uasin Gishu,Rift Valley,1902.6,1140.5,19.4,8.8,6.65,65.1,1.328,1.602,4.1,Well drained,Mollic Andosols,Wheat/Maize,Moderately Suitable,Highly Suitable,Highly Suitable,Moderately Suitable,Highly Suitable,Highly Suitable
1174,Tharaka Nithi,Eastern,1486.6,1057.1,28.2,16.5,5.62,66.8,0.975,1.167,23.0,Moderately drained,Chromic Cambisols,Mango/Miraa,Moderately Suitable,Highly Suitable,Moderately Suitable,Highly Suitable,Highly Suitable,Highly Suitable
1175,Kisumu,Nyanza,1342.7,1089.0,31.1,16.8,5.7,68.7,0.994,0.995,3.7,Poorly drained,Eutric Vertisols,Maize/Rice,Moderately Suitable,Highly Suitable,Moderately Suitable,Highly Suitable,Highly Suitable,Highly Suitable
1176,Laikipia,Central,2322.8,722.3,25.7,11.9,7.59,57.4,0.647,1.166,5.9,Well drained,Chromic Luvisols,Livestock/Wheat,Not Suitable,Moderately Suitable,Highly Suitable,Highly Suitable,Not Suitable,Moderately Suitable
1177,Uasin Gishu,Rift Valley,1861.9,1038.1,23.6,11.1,6.27,60.0,1.49,2.267,3.0,Well drained,Mollic Andosols,Wheat/Maize,Moderately Suitable,Highly Suitable,Highly Suitable,Highly Suitable,Highly Suitable,Highly Suitable
1178,Taita Taveta,Coast,800.8,974.5,32.8,18.2,6.57,61.2,0.761,1.318,16.3,Well drained,Chromic Cambisols,Horticulture/Sisal,Not Suitable,Highly Suitable,Moderately Suitable,Highly Suitable,Not Suitable,Highly Suitable
1179,Nyamira,Nyanza,1834.8,1319.1,26.0,15.4,4.88,72.3,1.332,2.589,12.0,Moderately drained,Humic Nitisols,Tea/Banana,Highly Suitable,Highly Suitable,Moderately Suitable,Moderately Suitable,Highly Suitable,Highly Suitable
1180,West Pokot,Rift Valley,1355.5,982.3,27.1,14.3,5.66,50.4,0.672,1.293,28.3,Moderately drained,Chromic Luvisols,Sorghum/Livestock,Not Suitable,Highly Suitable,Highly Suitable,Highly Suitable,Moderately Suitable,Highly Suitable
1181,Nyamira,Nyanza,1864.7,1384.0,26.2,15.0,4.77,71.9,1.426,2.026,17.8,Moderately drained,Humic Nitisols,Tea/Banana,Highly Suitable,Highly Suitable,Moderately Suitable,Moderately Suitable,Highly Suitable,Highly Suitable
1182,Isiolo,Eastern,1063.7,402.2,36.7,23.0,8.14,38.1,0.317,0.22,8.3,Excessively drained,Chromic Luvisols,Livestock,Not Suitable,Not Suitable,Not Suitable,Highly Suitable,Not Suitable,Moderately Suitable
1183,Kisii,Nyanza,1698.0,1893.8,25.4,16.7,5.12,70.5,1.284,2.212,8.3,Moderately drained,Humic Nitisols,Tea/Smallholder,Highly Suitable,Highly Suitable,Moderately Suitable,Moderately Suitable,Highly Suitable,Highly Suitable
1184,Garissa,North Eastern,380.0,203.3,39.9,23.3,8.36,42.0,0.332,0.114,1.8,Excessively drained,Haplic Arenosols,Livestock,Not Suitable,Not Suitable,Not Suitable,Moderately Suitable,Not Suitable,Not Suitable
1185,Nyamira,Nyanza,1712.7,1710.7,22.4,13.3,5.0,74.4,1.485,1.808,12.8,Moderately drained,Humic Nitisols,Tea/Banana,Highly Suitable,Highly Suitable,Highly Suitable,Moderately Suitable,Highly Suitable,Highly Suitable
1186,Bungoma,Western,1860.1,1384.2,24.1,15.3,6.45,68.0,1.19,2.52,3.7,Moderately drained,Ferric Luvisols,Sugarcane/Maize,Highly Suitable,Highly Suitable,Highly Suitable,Moderately Suitable,Highly Suitable,Highly Suitable
1187,Homa Bay,Nyanza,1439.2,1219.2,29.3,20.2,6.33,72.2,0.816,1.727,7.3,Moderately drained,Chromic Luvisols,Maize/Sorghum,Moderately Suitable,Highly Suitable,Moderately Suitable,Highly Suitable,Highly Suitable,Highly Suitable
1188,Trans Nzoia,Rift Valley,1976.4,1195.7,21.6,8.9,5.59,67.3,1.435,2.285,2.6,Well drained,Mollic Andosols,Wheat/Maize,Highly Suitable,Highly Suitable,Highly Suitable,Moderately Suitable,Highly Suitable,Highly Suitable
1189,Nandi,Rift Valley,1614.4,1380.8,24.1,13.3,4.6,77.8,1.953,3.049,8.3,Well drained,Humic Nitisols,Tea/Maize,Highly Suitable,Highly Suitable,Moderately Suitable,Not Suitable,Highly Suitable,Highly Suitable
1190,Taita Taveta,Coast,1172.8,710.8,24.0,19.4,6.92,66.4,1.083,0.7,24.0,Well drained,Chromic Cambisols,Horticulture/Sisal,Not Suitable,Highly Suitable,Highly Suitable,Highly Suitable,Moderately Suitable,Highly Suitable
1191,Nyamira,Nyanza,1568.2,1738.6,22.3,14.2,5.3,72.9,1.268,2.961,11.7,Moderately drained,Humic Nitisols,Tea/Banana,Highly Suitable,Highly Suitable,Highly Suitable,Moderately Suitable,Highly Suitable,Highly Suitable
1192,Bungoma,Western,1633.2,1496.4,26.2,13.9,6.27,71.1,1.555,1.321,5.7,Moderately drained,Ferric Luvisols,Sugarcane/Maize,Moderately Suitable,Highly Suitable,Highly Suitable,Highly Suitable,Highly Suitable,Highly Suitable
1193,Kajiado,Rift Valley,1256.0,318.4,32.2,16.0,8.27,40.0,0.395,0.601,1.3,Excessively drained,Calcic Cambisols,Livestock/Hort,Not Suitable,Not Suitable,Not Suitable,Highly Suitable,Not Suitable,Not Suitable
1194,Machakos,Eastern,1972.9,775.7,30.8,18.8,6.82,49.6,0.644,1.326,6.9,Moderately drained,Chromic Luvisols,Maize/Beans,Not Suitable,Highly Suitable,Highly Suitable,Highly Suitable,Not Suitable,Highly Suitable
1195,Lamu,Coast,84.3,939.3,30.2,28.0,8.5,85.8,0.46,0.899,0.3,Poorly drained,Gleyic Cambisols,Coconut/Fishing,Not Suitable,Moderately Suitable,Not Suitable,Moderately Suitable,Not Suitable,Moderately Suitable
1196,Murang'a,Central,1951.4,1277.8,26.0,14.8,5.63,73.0,1.976,2.915,6.5,Moderately drained,Humic Nitisols,Tea/Smallholder,Highly Suitable,Highly Suitable,Highly Suitable,Highly Suitable,Highly Suitable,Highly Suitable
1197,Kirinyaga,Central,2174.2,1369.7,21.9,14.2,4.92,68.3,1.433,2.02,7.1,Well drained,Humic Andosols,Tea/Rice,Highly Suitable,Moderately Suitable,Moderately Suitable,Not Suitable,Highly Suitable,Highly Suitable
1198,Nakuru,Rift Valley,2303.1,735.2,23.3,13.7,7.5,53.7,1.37,1.868,5.5,Well drained,Eutric Vertisols,Wheat/Pyrethrum,Moderately Suitable,Highly Suitable,Highly Suitable,Highly Suitable,Not Suitable,Highly Suitable
1199,Machakos,Eastern,1140.6,757.3,25.7,19.3,6.33,54.1,0.763,1.192,9.5,Moderately drained,Chromic Luvisols,Maize/Beans,Not Suitable,Highly Suitable,Moderately Suitable,Highly Suitable,Moderately Suitable,Highly Suitable
1200,Kirinyaga,Central,2191.6,1635.6,22.2,11.8,5.06,73.2,1.693,2.621,14.1,Well drained,Humic Andosols,Tea/Rice,Highly Suitable,Highly Suitable,Highly Suitable,Moderately Suitable,Highly Suitable,Highly Suitable
1201,Nakuru,Rift Valley,2093.4,1112.3,27.1,10.0,6.6,58.7,0.784,1.039,2.5,Well drained,Eutric Vertisols,Wheat/Pyrethrum,Not Suitable,Highly Suitable,Highly Suitable,Highly Suitable,Moderately Suitable,Highly Suitable
1202,Kisumu,Nyanza,1256.2,1241.2,29.1,19.9,6.54,69.1,0.847,1.274,3.9,Poorly drained,Eutric Vertisols,Maize/Rice,Moderately Suitable,Highly Suitable,Moderately Suitable,Highly Suitable,Highly Suitable,Highly Suitable
1203,Lamu,Coast,24.9,713.5,35.1,24.6,7.51,74.7,0.51,0.391,1.4,Poorly drained,Gleyic Cambisols,Coconut/Fishing,Not Suitable,Moderately Suitable,Not Suitable,Highly Suitable,Not Suitable,Moderately Suitable
1204,Uasin Gishu,Rift Valley,2376.1,954.5,22.1,10.0,6.57,59.3,0.812,2.382,2.9,Well drained,Mollic Andosols,Wheat/Maize,Moderately Suitable,Highly Suitable,Highly Suitable,Moderately Suitable,Moderately Suitable,Highly Suitable
1205,Embu,Eastern,1406.5,1294.2,21.7,16.6,6.01,70.5,1.085,2.486,15.3,Moderately drained,Chromic Cambisols,Coffee/Tea,Highly Suitable,Highly Suitable,Highly Suitable,Highly Suitable,Highly Suitable,Highly Suitable
1206,Mombasa,Coast,82.7,946.8,30.6,23.3,7.56,76.7,0.52,0.591,3.6,Poorly drained,Calcic Cambisols,Coconut/Cashew,Not Suitable,Moderately Suitable,Not Suitable,Highly Suitable,Not Suitable,Moderately Suitable
1207,Vihiga,Western,1899.3,1460.4,27.0,14.5,5.73,75.5,1.821,2.697,5.1,Moderately drained,Ferric Luvisols,Tea/Maize,Highly Suitable,Highly Suitable,Highly Suitable,Moderately Suitable,Highly Suitable,Highly Suitable
1208,West Pokot,Rift Valley,1679.8,1104.7,29.4,14.6,6.58,51.0,0.644,1.025,5.8,Moderately drained,Chromic Luvisols,Sorghum/Livestock,Not Suitable,Highly Suitable,Highly Suitable,Highly Suitable,Moderately Suitable,Highly Suitable
1209,Nandi,Rift Valley,1511.8,1431.6,25.3,11.7,5.12,72.4,1.599,2.486,11.7,Well drained,Humic Nitisols,Tea/Maize,Highly Suitable,Highly Suitable,Moderately Suitable,Moderately Suitable,Highly Suitable,Highly Suitable
1210,Laikipia,Central,2113.2,827.7,27.7,12.6,8.16,60.4,0.472,1.079,3.0,Well drained,Chromic Luvisols,Livestock/Wheat,Not Suitable,Moderately Suitable,Moderately Suitable,Moderately Suitable,Not Suitable,Highly Suitable
1211,Kirinyaga,Central,1424.4,1234.7,21.6,13.0,5.2,75.0,1.71,2.652,4.6,Well drained,Humic Andosols,Tea/Rice,Highly Suitable,Highly Suitable,Highly Suitable,Moderately Suitable,Highly Suitable,Highly Suitable
1212,Kisii,Nyanza,1498.1,1401.7,27.2,15.3,5.68,76.0,1.829,2.23,16.2,Moderately drained,Humic Nitisols,Tea/Smallholder,Highly Suitable,Highly Suitable,Moderately Suitable,Highly Suitable,Highly Suitable,Highly Suitable
1213,Wajir,North Eastern,206.5,204.7,38.2,22.6,7.75,33.7,0.234,0.335,1.6,Excessively drained,Haplic Arenosols,Pastoralism,Not Suitable,Not Suitable,Not Suitable,Moderately Suitable,Not Suitable,Not Suitable
1214,Garissa,North Eastern,213.4,264.7,33.0,24.9,8.18,31.5,0.263,0.313,0.2,Excessively drained,Haplic Arenosols,Livestock,Not Suitable,Not Suitable,Not Suitable,Moderately Suitable,Not Suitable,Not Suitable
1215,Kitui,Eastern,645.9,530.1,30.8,20.1,8.46,46.9,0.595,0.733,4.0,Moderately drained,Ferralic Cambisols,Sorghum/Cotton,Not Suitable,Moderately Suitable,Not Suitable,Highly Suitable,Not Suitable,Moderately Suitable
1216,Nakuru,Rift Valley,2344.7,828.0,21.5,13.0,7.77,55.9,0.663,1.228,11.7,Well drained,Eutric Vertisols,Wheat/Pyrethrum,Not Suitable,Moderately Suitable,Highly Suitable,Highly Suitable,Not Suitable,Highly Suitable
1217,Murang'a,Central,1973.9,1557.5,24.1,14.2,5.09,73.5,1.861,2.115,6.4,Moderately drained,Humic Nitisols,Tea/Smallholder,Highly Suitable,Highly Suitable,Moderately Suitable,Moderately Suitable,Highly Suitable,Highly Suitable
1218,Nyeri,Central,2215.0,1578.4,20.3,14.0,4.92,72.5,1.764,3.79,15.4,Well drained,Humic Andosols,Tea/Coffee,Highly Suitable,Moderately Suitable,Moderately Suitable,Not Suitable,Moderately Suitable,Moderately Suitable
1219,Tana River,Coast,136.7,585.4,30.2,26.4,8.06,71.3,0.582,0.755,4.5,Poorly drained,Eutric Vertisols,Irrigation/Livestock,Not Suitable,Moderately Suitable,Not Suitable,Highly Suitable,Not Suitable,Moderately Suitable
1220,Kericho,Rift Valley,1894.1,1856.3,22.8,13.7,5.2,75.9,2.761,4.311,4.0,Well drained,Humic Nitisols,Tea/Forest,Highly Suitable,Highly Suitable,Highly Suitable,Moderately Suitable,Highly Suitable,Highly Suitable
1221,Taita Taveta,Coast,1292.9,606.0,23.7,21.5,6.71,65.2,0.821,1.882,17.0,Well drained,Chromic Cambisols,Horticulture/Sisal,Not Suitable,Highly Suitable,Highly Suitable,Highly Suitable,Highly Suitable,Highly Suitable
1222,Kakamega,Western,1702.7,1745.7,25.5,17.5,5.84,81.7,1.467,2.177,9.9,Moderately drained,Ferric Luvisols,Tea/Sugarcane,Highly Suitable,Highly Suitable,Moderately Suitable,Moderately Suitable,Highly Suitable,Highly Suitable
1223,Kirinyaga,Central,2199.1,1275.5,24.9,14.2,5.44,76.0,1.441,1.869,8.9,Well drained,Humic Andosols,Tea/Rice,Highly Suitable,Highly Suitable,Highly Suitable,Not Suitable,Highly Suitable,Highly Suitable
1224,Kiambu,Central,1886.8,1299.2,23.0,15.1,5.3,68.0,1.227,1.674,10.6,Moderately drained,Humic Nitisols,Tea/Horticulture,Highly Suitable,Highly Suitable,Highly Suitable,Moderately Suitable,Highly Suitable,Highly Suitable
1225,Bomet,Rift Valley,1865.7,1297.1,23.9,13.2,5.17,72.3,1.548,2.21,9.0,Well drained,Humic Nitisols,Tea/Dairy,Highly Suitable,Highly Suitable,Highly Suitable,Moderately Suitable,Highly Suitable,Highly Suitable
1226,Kirinyaga,Central,1568.6,1211.9,23.3,12.1,4.73,66.8,1.347,3.454,13.1,Well drained,Humic Andosols,Tea/Rice,Highly Suitable,Highly Suitable,Highly Suitable,Moderately Suitable,Highly Suitable,Highly Suitable
1227,Embu,Eastern,1551.7,1327.0,22.7,13.6,5.09,65.6,1.773,2.723,8.7,Moderately drained,Chromic Cambisols,Coffee/Tea,Highly Suitable,Highly Suitable,Highly Suitable,Moderately Suitable,Highly Suitable,Highly Suitable
1228,Baringo,Rift Valley,930.4,801.4,28.5,16.2,8.42,66.0,0.497,0.98,9.6,Moderately drained,Eutric Vertisols,Maize/Livestock,Not Suitable,Highly Suitable,Not Suitable,Highly Suitable,Not Suitable,Moderately Suitable
1229,Mandera,North Eastern,517.5,200.2,39.0,30.0,8.36,36.2,0.173,0.218,2.1,Excessively drained,Haplic Arenosols,Pastoralism,Not Suitable,Not Suitable,Not Suitable,Moderately Suitable,Not Suitable,Not Suitable
1230,Uasin Gishu,Rift Valley,2312.3,983.3,20.0,11.2,5.65,62.3,1.174,2.495,4.3,Well drained,Mollic Andosols,Wheat/Maize,Highly Suitable,Highly Suitable,Highly Suitable,Moderately Suitable,Highly Suitable,Highly Suitable
1231,Samburu,Rift Valley,1402.3,466.0,30.6,23.0,8.02,40.2,0.599,0.496,5.2,Excessively drained,Chromic Luvisols,Pastoralism,Not Suitable,Moderately Suitable,Not Suitable,Highly Suitable,Not Suitable,Moderately Suitable
1232,Kisii,Nyanza,1535.3,1562.0,28.0,14.2,5.58,73.9,1.225,1.518,13.2,Moderately drained,Humic Nitisols,Tea/Smallholder,Highly Suitable,Highly Suitable,Highly Suitable,Highly Suitable,Highly Suitable,Highly Suitable
1233,Nandi,Rift Valley,1588.2,1909.6,23.8,12.0,4.93,79.8,1.993,2.658,10.6,Well drained,Humic Nitisols,Tea/Maize,Highly Suitable,Moderately Suitable,Moderately Suitable,Not Suitable,Highly Suitable,Moderately Suitable
1234,Kericho,Rift Valley,2109.0,1922.6,21.2,13.6,4.83,74.2,1.92,3.175,11.4,Well drained,Humic Nitisols,Tea/Forest,Highly Suitable,Moderately Suitable,Moderately Suitable,Not Suitable,Moderately Suitable,Moderately Suitable
1235,Siaya,Nyanza,1243.1,1124.7,29.2,19.5,6.91,69.8,1.187,1.43,2.5,Poorly drained,Eutric Vertisols,Maize/Sorghum,Not Suitable,Highly Suitable,Highly Suitable,Highly Suitable,Highly Suitable,Highly Suitable
1236,Garissa,North Eastern,315.4,343.2,32.3,21.8,8.05,40.0,0.143,0.154,2.8,Excessively drained,Haplic Arenosols,Livestock,Not Suitable,Not Suitable,Not Suitable,Moderately Suitable,Not Suitable,Not Suitable
1237,Trans Nzoia,Rift Valley,1943.2,1314.7,22.3,10.7,6.18,71.1,0.951,1.921,3.4,Well drained,Mollic Andosols,Wheat/Maize,Highly Suitable,Highly Suitable,Highly Suitable,Moderately Suitable,Highly Suitable,Highly Suitable
1238,Kirinyaga,Central,1504.1,1148.1,22.3,14.1,5.17,68.4,1.854,2.194,4.2,Well drained,Humic Andosols,Tea/Rice,Highly Suitable,Highly Suitable,Highly Suitable,Moderately Suitable,Highly Suitable,Highly Suitable
1239,Murang'a,Central,1893.5,1288.3,27.5,16.7,5.3,71.7,1.965,2.097,11.0,Moderately drained,Humic Nitisols,Tea/Smallholder,Highly Suitable,Highly Suitable,Highly Suitable,Moderately Suitable,Highly Suitable,Highly Suitable
1240,Bungoma,Western,1407.8,1538.6,28.4,15.0,5.34,74.2,1.272,2.413,6.3,Moderately drained,Ferric Luvisols,Sugarcane/Maize,Highly Suitable,Highly Suitable,Moderately Suitable,Highly Suitable,Highly Suitable,Highly Suitable
1241,Murang'a,Central,1873.2,1470.8,24.3,13.6,5.08,69.8,1.289,2.175,12.4,Moderately drained,Humic Nitisols,Tea/Smallholder,Highly Suitable,Highly Suitable,Moderately Suitable,Moderately Suitable,Highly Suitable,Highly Suitable
1242,Nakuru,Rift Valley,2157.5,1148.6,21.1,13.2,7.72,58.6,0.986,0.885,5.6,Well drained,Eutric Vertisols,Wheat/Pyrethrum,Moderately Suitable,Moderately Suitable,Highly Suitable,Moderately Suitable,Moderately Suitable,Highly Suitable
1243,Wajir,North Eastern,366.2,235.8,35.8,22.4,8.32,44.2,0.293,0.232,1.2,Excessively drained,Haplic Arenosols,Pastoralism,Not Suitable,Not Suitable,Not Suitable,Moderately Suitable,Not Suitable,Not Suitable
1244,Machakos,Eastern,1222.9,925.6,24.6,20.0,6.26,60.9,0.637,0.992,18.0,Moderately drained,Chromic Luvisols,Maize/Beans,Moderately Suitable,Highly Suitable,Highly Suitable,Highly Suitable,Highly Suitable,Highly Suitable
1245,Meru,Eastern,981.1,1096.5,25.8,16.6,6.47,58.9,1.319,1.323,24.4,Moderately drained,Chromic Cambisols,Tea/Miraa,Not Suitable,Highly Suitable,Moderately Suitable,Highly Suitable,Highly Suitable,Highly Suitable
1246,Vihiga,Western,1811.9,1769.0,28.3,15.9,5.84,75.2,1.194,2.139,6.6,Moderately drained,Ferric Luvisols,Tea/Maize,Highly Suitable,Highly Suitable,Moderately Suitable,Moderately Suitable,Highly Suitable,Highly Suitable
1247,Kiambu,Central,1791.6,1449.3,26.4,12.8,5.76,67.7,1.704,1.78,11.1,Moderately drained,Humic Nitisols,Tea/Horticulture,Highly Suitable,Highly Suitable,Highly Suitable,Highly Suitable,Highly Suitable,Highly Suitable
1248,Taita Taveta,Coast,1721.1,750.8,26.1,17.3,6.35,62.9,0.935,1.346,6.0,Well drained,Chromic Cambisols,Horticulture/Sisal,Not Suitable,Highly Suitable,Highly Suitable,Highly Suitable,Moderately Suitable,Highly Suitable
1249,Bomet,Rift Valley,1832.7,1160.8,21.8,13.0,4.71,74.3,1.784,2.987,4.9,Well drained,Humic Nitisols,Tea/Dairy,Highly Suitable,Highly Suitable,Highly Suitable,Moderately Suitable,Highly Suitable,Highly Suitable
1250,Laikipia,Central,1734.1,607.3,24.1,13.9,7.59,61.0,0.638,1.224,4.4,Well drained,Chromic Luvisols,Livestock/Wheat,Moderately Suitable,Highly Suitable,Highly Suitable,Highly Suitable,Moderately Suitable,Highly Suitable
1251,Kakamega,Western,1409.3,1946.5,26.3,15.2,5.85,74.2,1.969,1.971,9.1,Moderately drained,Ferric Luvisols,Tea/Sugarcane,Highly Suitable,Highly Suitable,Moderately Suitable,Highly Suitable,Highly Suitable,Highly Suitable
1252,Kilifi,Coast,161.3,1041.9,35.0,24.7,8.09,69.5,0.56,0.896,0.1,Moderately drained,Ferralic Arenosols,Cashew/Cassava,Not Suitable,Moderately Suitable,Not Suitable,Moderately Suitable,Not Suitable,Moderately Suitable
1253,Murang'a,Central,1459.0,1513.4,26.7,14.1,4.82,65.9,2.168,2.302,14.8,Moderately drained,Humic Nitisols,Tea/Smallholder,Highly Suitable,Highly Suitable,Moderately Suitable,Moderately Suitable,Highly Suitable,Highly Suitable
1254,Nyeri,Central,2214.9,1585.6,22.9,13.5,5.08,68.3,2.531,3.579,15.1,Well drained,Humic Andosols,Tea/Coffee,Highly Suitable,Highly Suitable,Highly Suitable,Moderately Suitable,Highly Suitable,Highly Suitable
1255,Vihiga,Western,1561.8,1474.4,26.2,13.6,5.3,77.0,1.548,1.941,10.5,Moderately drained,Ferric Luvisols,Tea/Maize,Highly Suitable,Highly Suitable,Moderately Suitable,Moderately Suitable,Highly Suitable,Highly Suitable
1256,Kirinyaga,Central,2175.9,1451.3,21.0,12.5,5.37,69.0,1.287,2.747,14.1,Well drained,Humic Andosols,Tea/Rice,Highly Suitable,Highly Suitable,Highly Suitable,Moderately Suitable,Highly Suitable,Highly Suitable
1257,West Pokot,Rift Valley,1936.4,750.1,26.4,14.1,6.59,57.2,0.657,1.032,28.8,Moderately drained,Chromic Luvisols,Sorghum/Livestock,Not Suitable,Highly Suitable,Highly Suitable,Highly Suitable,Moderately Suitable,Highly Suitable
1258,Marsabit,Eastern,1162.6,393.8,30.9,21.3,7.24,38.0,0.338,0.499,7.4,Excessively drained,Chromic Cambisols,Livestock,Not Suitable,Not Suitable,Not Suitable,Highly Suitable,Not Suitable,Moderately Suitable
1259,Nyamira,Nyanza,1652.5,1688.1,22.5,14.3,4.77,68.4,1.242,2.768,6.5,Moderately drained,Humic Nitisols,Tea/Banana,Highly Suitable,Highly Suitable,Moderately Suitable,Moderately Suitable,Highly Suitable,Moderately Suitable
1260,Taita Taveta,Coast,1865.6,1169.3,22.2,21.5,7.1,68.7,0.575,1.66,24.1,Well drained,Chromic Cambisols,Horticulture/Sisal,Moderately Suitable,Highly Suitable,Highly Suitable,Moderately Suitable,Highly Suitable,Highly Suitable
1261,Lamu,Coast,92.7,735.2,35.7,24.9,8.5,79.6,0.249,0.95,1.4,Poorly drained,Gleyic Cambisols,Coconut/Fishing,Not Suitable,Moderately Suitable,Not Suitable,Highly Suitable,Not Suitable,Moderately Suitable
1262,Isiolo,Eastern,920.1,565.6,37.1,22.0,8.99,31.3,0.205,0.597,3.6,Excessively drained,Chromic Luvisols,Livestock,Not Suitable,Not Suitable,Not Suitable,Highly Suitable,Not Suitable,Moderately Suitable
1263,Murang'a,Central,1544.4,1235.4,23.3,16.5,5.43,68.1,2.016,3.264,15.9,Moderately drained,Humic Nitisols,Tea/Smallholder,Highly Suitable,Highly Suitable,Highly Suitable,Moderately Suitable,Highly Suitable,Highly Suitable
1264,Kericho,Rift Valley,1958.2,1747.9,25.2,12.4,4.88,72.8,1.825,4.425,10.4,Well drained,Humic Nitisols,Tea/Forest,Highly Suitable,Highly Suitable,Moderately Suitable,Moderately Suitable,Highly Suitable,Moderately Suitable
1265,Nakuru,Rift Valley,2048.8,1107.8,26.6,14.6,6.12,55.1,1.029,1.922,12.9,Well drained,Eutric Vertisols,Wheat/Pyrethrum,Moderately Suitable,Highly Suitable,Highly Suitable,Highly Suitable,Highly Suitable,Highly Suitable
1266,Kisii,Nyanza,1519.5,1745.7,26.9,14.3,5.25,72.1,1.979,2.598,19.0,Moderately drained,Humic Nitisols,Tea/Smallholder,Highly Suitable,Highly Suitable,Moderately Suitable,Moderately Suitable,Highly Suitable,Highly Suitable
1267,Tharaka Nithi,Eastern,845.1,1020.7,22.9,16.1,5.73,64.5,1.165,1.796,12.5,Moderately drained,Chromic Cambisols,Mango/Miraa,Moderately Suitable,Highly Suitable,Highly Suitable,Highly Suitable,Highly Suitable,Highly Suitable
1268,Nandi,Rift Valley,1701.1,1800.2,20.5,12.3,4.88,75.4,2.42,2.693,7.2,Well drained,Humic Nitisols,Tea/Maize,Highly Suitable,Moderately Suitable,Moderately Suitable,Not Suitable,Highly Suitable,Moderately Suitable
1269,Makueni,Eastern,1423.1,812.9,26.9,19.3,7.62,47.4,0.543,0.651,4.3,Moderately drained,Chromic Luvisols,Sorghum/Mango,Not Suitable,Moderately Suitable,Moderately Suitable,Highly Suitable,Not Suitable,Moderately Suitable
1270,Nyamira,Nyanza,1707.1,1420.1,24.3,13.7,4.8,69.1,1.87,1.936,7.5,Moderately drained,Humic Nitisols,Tea/Banana,Highly Suitable,Highly Suitable,Moderately Suitable,Moderately Suitable,Highly Suitable,Highly Suitable
1271,Nakuru,Rift Valley,2374.0,816.5,23.3,12.8,6.32,52.5,1.358,1.089,5.1,Well drained,Eutric Vertisols,Wheat/Pyrethrum,Moderately Suitable,Highly Suitable,Highly Suitable,Highly Suitable,Moderately Suitable,Highly Suitable
1272,Kakamega,Western,1530.0,1930.9,24.9,14.7,5.81,75.3,1.886,1.919,7.1,Moderately drained,Ferric Luvisols,Tea/Sugarcane,Highly Suitable,Highly Suitable,Highly Suitable,Moderately Suitable,Highly Suitable,Highly Suitable
1273,Kericho,Rift Valley,1793.3,1926.8,24.1,15.0,5.18,75.2,1.91,2.956,6.3,Well drained,Humic Nitisols,Tea/Forest,Highly Suitable,Highly Suitable,Moderately Suitable,Moderately Suitable,Highly Suitable,Highly Suitable
1274,Kiambu,Central,2143.7,1526.4,22.1,15.0,5.46,66.7,1.603,2.694,14.4,Moderately drained,Humic Nitisols,Tea/Horticulture,Highly Suitable,Highly Suitable,Highly Suitable,Moderately Suitable,Highly Suitable,Highly Suitable
1275,Embu,Eastern,1395.2,1552.6,27.9,13.2,5.43,72.7,1.773,2.021,8.5,Moderately drained,Chromic Cambisols,Coffee/Tea,Highly Suitable,Highly Suitable,Moderately Suitable,Highly Suitable,Highly Suitable,Highly Suitable
1276,Kirinyaga,Central,2137.0,1435.0,23.3,12.4,4.64,65.3,1.623,1.944,11.3,Well drained,Humic Andosols,Tea/Rice,Highly Suitable,Moderately Suitable,Moderately Suitable,Not Suitable,Highly Suitable,Highly Suitable
1277,Nyeri,Central,2143.1,1610.2,22.8,11.9,4.8,76.6,2.119,3.158,5.4,Well drained,Humic Andosols,Tea/Coffee,Highly Suitable,Moderately Suitable,Moderately Suitable,Not Suitable,Highly Suitable,Moderately Suitable
1278,Narok,Rift Valley,2482.6,922.6,20.5,13.0,7.05,63.2,1.144,0.761,8.4,Well drained,Mollic Vertisols,Wheat/Livestock,Moderately Suitable,Moderately Suitable,Highly Suitable,Moderately Suitable,Moderately Suitable,Highly Suitable
1279,Kericho,Rift Valley,1870.5,1641.8,26.0,15.4,4.7,78.6,2.617,3.61,7.3,Well drained,Humic Nitisols,Tea/Forest,Highly Suitable,Highly Suitable,Moderately Suitable,Moderately Suitable,Highly Suitable,Moderately Suitable
1280,Uasin Gishu,Rift Valley,1849.0,890.5,18.8,10.9,7.13,64.0,1.39,1.78,6.0,Well drained,Mollic Andosols,Wheat/Maize,Moderately Suitable,Highly Suitable,Highly Suitable,Highly Suitable,Highly Suitable,Highly Suitable
1281,Samburu,Rift Valley,695.7,695.9,36.4,22.9,8.73,41.9,0.459,0.527,2.9,Excessively drained,Chromic Luvisols,Pastoralism,Not Suitable,Moderately Suitable,Not Suitable,Highly Suitable,Not Suitable,Moderately Suitable
1282,Narok,Rift Valley,2136.1,777.9,20.2,11.1,6.94,54.9,0.975,1.163,9.7,Well drained,Mollic Vertisols,Wheat/Livestock,Not Suitable,Highly Suitable,Highly Suitable,Highly Suitable,Moderately Suitable,Highly Suitable
1283,Nyandarua,Central,2421.2,1268.0,19.6,7.2,5.86,69.1,1.399,1.739,7.4,Well drained,Humic Andosols,Wheat/Pyrethrum,Highly Suitable,Moderately Suitable,Highly Suitable,Moderately Suitable,Highly Suitable,Highly Suitable
1284,Nyamira,Nyanza,1679.1,1493.2,26.4,15.7,5.16,71.3,1.79,1.651,11.2,Moderately drained,Humic Nitisols,Tea/Banana,Highly Suitable,Highly Suitable,Moderately Suitable,Moderately Suitable,Highly Suitable,Highly Suitable
1285,Tharaka Nithi,Eastern,1559.6,834.0,28.6,19.5,6.68,67.2,0.576,0.901,22.9,Moderately drained,Chromic Cambisols,Mango/Miraa,Not Suitable,Highly Suitable,Highly Suitable,Highly Suitable,Moderately Suitable,Highly Suitable
1286,West Pokot,Rift Valley,1719.1,1062.2,25.6,11.4,5.96,56.4,1.015,1.052,7.9,Moderately drained,Chromic Luvisols,Sorghum/Livestock,Moderately Suitable,Highly Suitable,Highly Suitable,Highly Suitable,Highly Suitable,Highly Suitable
1287,Mombasa,Coast,10.6,908.1,35.6,26.8,6.67,70.2,0.381,1.496,0.9,Poorly drained,Calcic Cambisols,Coconut/Cashew,Not Suitable,Highly Suitable,Moderately Suitable,Highly Suitable,Not Suitable,Highly Suitable
1288,Murang'a,Central,1659.5,1345.8,24.7,14.8,4.91,72.0,1.416,2.853,13.1,Moderately drained,Humic Nitisols,Tea/Smallholder,Highly Suitable,Highly Suitable,Moderately Suitable,Moderately Suitable,Highly Suitable,Highly Suitable
1289,Kwale,Coast,75.8,1364.0,29.4,24.6,6.6,70.0,0.815,0.902,7.9,Moderately drained,Ferralic Arenosols,Cashew/Coconut,Not Suitable,Highly Suitable,Moderately Suitable,Highly Suitable,Moderately Suitable,Highly Suitable
1290,West Pokot,Rift Valley,1523.1,1355.6,23.1,16.9,7.29,57.0,0.658,1.669,12.8,Moderately drained,Chromic Luvisols,Sorghum/Livestock,Moderately Suitable,Highly Suitable,Highly Suitable,Moderately Suitable,Moderately Suitable,Highly Suitable
1291,Kisii,Nyanza,1687.5,1504.8,25.8,14.2,5.23,76.5,1.771,1.895,11.1,Moderately drained,Humic Nitisols,Tea/Smallholder,Highly Suitable,Highly Suitable,Moderately Suitable,Moderately Suitable,Highly Suitable,Highly Suitable
1292,Wajir,North Eastern,293.5,287.0,33.3,20.3,9.22,40.7,0.153,0.306,2.4,Excessively drained,Haplic Arenosols,Pastoralism,Not Suitable,Not Suitable,Not Suitable,Moderately Suitable,Not Suitable,Not Suitable
1293,Trans Nzoia,Rift Valley,2318.6,917.8,23.6,12.7,6.43,71.5,1.006,2.216,5.2,Well drained,Mollic Andosols,Wheat/Maize,Highly Suitable,Highly Suitable,Highly Suitable,Moderately Suitable,Highly Suitable,Highly Suitable
1294,Kajiado,Rift Valley,598.3,295.6,30.2,18.1,7.85,51.8,0.22,0.63,3.6,Excessively drained,Calcic Cambisols,Livestock/Hort,Not Suitable,Not Suitable,Not Suitable,Highly Suitable,Not Suitable,Not Suitable
1295,Bungoma,Western,1556.6,1570.6,23.9,14.3,5.29,77.6,1.646,1.898,4.2,Moderately drained,Ferric Luvisols,Sugarcane/Maize,Highly Suitable,Highly Suitable,Highly Suitable,Moderately Suitable,Highly Suitable,Highly Suitable
1296,Kakamega,Western,1495.0,1812.9,24.7,15.5,5.53,79.5,1.965,2.401,7.9,Moderately drained,Ferric Luvisols,Tea/Sugarcane,Highly Suitable,Highly Suitable,Moderately Suitable,Moderately Suitable,Highly Suitable,Highly Suitable
1297,Kericho,Rift Valley,1820.9,1682.6,26.1,15.5,4.89,75.4,2.149,3.952,11.0,Well drained,Humic Nitisols,Tea/Forest,Highly Suitable,Highly Suitable,Moderately Suitable,Moderately Suitable,Highly Suitable,Moderately Suitable
1298,Bomet,Rift Valley,1708.9,1511.3,25.1,14.4,4.74,75.3,1.691,3.197,9.1,Well drained,Humic Nitisols,Tea/Dairy,Highly Suitable,Highly Suitable,Moderately Suitable,Moderately Suitable,Highly Suitable,Highly Suitable
1299,Siaya,Nyanza,1272.8,1299.7,27.6,17.8,6.17,62.6,1.217,1.333,5.1,Poorly drained,Eutric Vertisols,Maize/Sorghum,Moderately Suitable,Highly Suitable,Highly Suitable,Highly Suitable,Highly Suitable,Highly Suitable
1300,Kiambu,Central,1823.9,1505.6,24.6,15.5,5.72,66.5,1.229,1.764,12.1,Moderately drained,Humic Nitisols,Tea/Horticulture,Highly Suitable,Highly Suitable,Highly Suitable,Moderately Suitable,Highly Suitable,Highly Suitable
1301,Mombasa,Coast,54.3,972.5,31.0,24.6,7.79,76.3,0.657,1.361,0.8,Poorly drained,Calcic Cambisols,Coconut/Cashew,Not Suitable,Moderately Suitable,Moderately Suitable,Highly Suitable,Not Suitable,Highly Suitable
1302,Kisumu,Nyanza,1196.0,1314.2,28.0,16.1,5.67,69.3,0.997,1.111,3.2,Poorly drained,Eutric Vertisols,Maize/Rice,Moderately Suitable,Highly Suitable,Moderately Suitable,Highly Suitable,Highly Suitable,Highly Suitable
1303,Kirinyaga,Central,1964.1,1404.5,24.1,14.3,4.76,65.2,1.979,2.836,12.4,Well drained,Humic Andosols,Tea/Rice,Highly Suitable,Highly Suitable,Moderately Suitable,Moderately Suitable,Highly Suitable,Highly Suitable
1304,Laikipia,Central,1547.1,761.4,28.9,11.0,8.1,59.5,0.949,0.839,7.3,Well drained,Chromic Luvisols,Livestock/Wheat,Not Suitable,Highly Suitable,Moderately Suitable,Highly Suitable,Not Suitable,Highly Suitable
1305,Meru,Eastern,912.3,1239.9,26.3,16.7,6.43,63.6,1.64,1.339,18.4,Moderately drained,Chromic Cambisols,Tea/Miraa,Moderately Suitable,Highly Suitable,Moderately Suitable,Highly Suitable,Highly Suitable,Highly Suitable
1306,Nakuru,Rift Valley,1738.8,766.2,24.4,13.7,6.08,58.4,1.119,1.638,10.3,Well drained,Eutric Vertisols,Wheat/Pyrethrum,Moderately Suitable,Highly Suitable,Highly Suitable,Highly Suitable,Highly Suitable,Highly Suitable
1307,Nyeri,Central,2155.2,1782.6,22.5,11.0,5.08,73.4,2.38,2.414,16.4,Well drained,Humic Andosols,Tea/Coffee,Highly Suitable,Highly Suitable,Highly Suitable,Moderately Suitable,Highly Suitable,Highly Suitable
1308,Machakos,Eastern,1942.9,764.8,27.2,14.4,6.84,61.4,0.769,1.332,11.4,Moderately drained,Chromic Luvisols,Maize/Beans,Not Suitable,Highly Suitable,Highly Suitable,Highly Suitable,Moderately Suitable,Highly Suitable
1309,Marsabit,Eastern,1016.7,307.3,28.5,16.1,7.07,44.9,0.397,0.257,3.4,Excessively drained,Chromic Cambisols,Livestock,Not Suitable,Moderately Suitable,Not Suitable,Highly Suitable,Not Suitable,Moderately Suitable
1310,Nandi,Rift Valley,1707.4,1492.4,26.4,13.3,4.9,74.6,2.447,2.307,10.0,Well drained,Humic Nitisols,Tea/Maize,Highly Suitable,Highly Suitable,Moderately Suitable,Moderately Suitable,Highly Suitable,Highly Suitable
1311,Meru,Eastern,1204.4,990.4,30.5,18.4,5.68,58.4,1.639,1.021,19.1,Moderately drained,Chromic Cambisols,Tea/Miraa,Moderately Suitable,Highly Suitable,Highly Suitable,Highly Suitable,Moderately Suitable,Highly Suitable
1312,Homa Bay,Nyanza,1208.1,1319.7,25.9,19.4,6.35,64.9,1.117,1.654,1.2,Moderately drained,Chromic Luvisols,Maize/Sorghum,Moderately Suitable,Highly Suitable,Moderately Suitable,Highly Suitable,Highly Suitable,Highly Suitable
1313,Trans Nzoia,Rift Valley,2295.3,1024.0,18.1,9.4,6.15,67.4,1.495,1.794,1.9,Well drained,Mollic Andosols,Wheat/Maize,Moderately Suitable,Highly Suitable,Highly Suitable,Moderately Suitable,Highly Suitable,Highly Suitable
1314,Nyeri,Central,1808.5,1770.0,23.0,12.4,5.02,70.3,1.777,2.641,7.8,Well drained,Humic Andosols,Tea/Coffee,Highly Suitable,Highly Suitable,Highly Suitable,Moderately Suitable,Highly Suitable,Highly Suitable
1315,Tana River,Coast,3.7,484.3,33.7,22.1,8.33,60.9,0.424,0.381,0.8,Poorly drained,Eutric Vertisols,Irrigation/Livestock,Not Suitable,Moderately Suitable,Not Suitable,Highly Suitable,Not Suitable,Moderately Suitable
1316,Mandera,North Eastern,392.6,98.3,39.7,24.7,7.72,41.5,0.204,0.38,2.4,Excessively drained,Haplic Arenosols,Pastoralism,Not Suitable,Not Suitable,Not Suitable,Moderately Suitable,Not Suitable,Not Suitable
1317,Turkana,Rift Valley,1102.4,188.2,38.4,21.9,7.87,23.5,0.253,0.228,5.0,Excessively drained,Haplic Arenosols,Pastoralism,Not Suitable,Not Suitable,Not Suitable,Moderately Suitable,Not Suitable,Not Suitable
1318,Tharaka Nithi,Eastern,1087.7,962.1,22.4,18.9,6.04,63.7,0.552,0.81,22.8,Moderately drained,Chromic Cambisols,Mango/Miraa,Moderately Suitable,Highly Suitable,Highly Suitable,Highly Suitable,Moderately Suitable,Highly Suitable
1319,Kajiado,Rift Valley,1707.5,410.7,32.5,14.4,7.67,47.0,0.303,0.967,4.3,Excessively drained,Calcic Cambisols,Livestock/Hort,Not Suitable,Moderately Suitable,Moderately Suitable,Highly Suitable,Not Suitable,Moderately Suitable
1320,Marsabit,Eastern,355.2,161.2,27.7,19.2,8.11,41.3,0.213,0.482,13.9,Excessively drained,Chromic Cambisols,Livestock,Not Suitable,Moderately Suitable,Not Suitable,Moderately Suitable,Not Suitable,Moderately Suitable
